date, pm25, pm10, o3
2022/12/1, 15, , 
2022/12/2, 15, , 
2022/12/3, 33, , 
2022/12/4, 30, , 
2022/12/5, 26, , 
2022/12/6, 38, , 
2022/12/7, 25, , 
2022/12/8, 34, , 
2022/12/9, 32, , 
2022/12/10, 24, , 
2022/12/11, 29, , 
2022/11/1, 16, , 
2022/11/2, 18, , 
2022/11/3, 45, , 
2022/11/4, 25, , 
2022/11/5, 11, , 
2022/11/6, 12, , 
2022/11/7, 16, , 
2022/11/8, 26, , 
2022/11/9, 45, , 
2022/11/10, 35, , 
2022/11/11, 52, , 
2022/11/12, 64, , 
2022/11/13, 70, , 
2022/11/14, 64, , 
2022/11/15, 59, , 
2022/11/16, 58, , 
2022/11/17, 57, , 
2022/11/18, 52, , 
2022/11/19, 47, , 
2022/11/20, 53, , 
2022/11/21, 58, , 
2022/11/22, 68, , 
2022/11/23, 16, , 
2022/11/24, 36, , 
2022/11/25, 22, , 
2022/11/26, 14, , 
2022/11/27, 11, , 
2022/11/28, 13, , 
2022/11/29, 19, , 
2022/11/30, 31, , 
2022/10/1, 46, , 
2022/10/2, 61, , 
2022/10/3, 63, , 
2022/10/4, 48, , 
2022/10/5, 47, , 
2022/10/6, 50, , 
2022/10/7, 57, , 
2022/10/8, 54, , 
2022/10/9, 52, , 
2022/10/10, 50, , 
2022/10/11, 14, , 
2022/10/12, 19, , 
2022/10/13, 41, , 
2022/10/14, 43, , 
2022/10/15, 45, , 
2022/10/16, 45, , 
2022/10/17, 39, , 
2022/10/18, 44, , 
2022/10/19, 51, , 
2022/10/20, 55, , 
2022/10/21, 26, , 
2022/10/22, 10, , 
2022/10/23, 11, , 
2022/10/24, 11, , 
2022/10/25, 12, , 
2022/10/26, 18, , 
2022/10/27, 18, , 
2022/10/28, 25, , 
2022/10/29, 20, , 
2022/10/30, 20, , 
2022/10/31, 15, , 
2022/9/1, 43, , 
2022/9/2, 39, , 
2022/9/3, 18, , 
2022/9/4, 11, , 
2022/9/5, 10, , 
2022/9/6, 12, , 
2022/9/7, 14, , 
2022/9/8, 19, , 
2022/9/9, 45, , 
2022/9/10, 74, , 
2022/9/11, 99, , 
2022/9/12, 83, , 
2022/9/13, 51, , 
2022/9/14, 27, , 
2022/9/15, 24, , 
2022/9/16, 14, , 
2022/9/17, 12, , 
2022/9/18, 22, , 
2022/9/19, 30, , 
2022/9/20, 24, , 
2022/9/21, 20, , 
2022/9/22, 29, , 
2022/9/23, 24, , 
2022/9/24, 18, , 
2022/9/25, 23, , 
2022/9/26, 27, , 
2022/9/27, 34, , 
2022/9/28, 17, , 
2022/9/29, 13, , 
2022/9/30, 24, , 
2022/8/1, 29, , 
2022/8/2, 16, , 
2022/8/3, 19, , 
2022/8/4, 13, , 
2022/8/5, 13, , 
2022/8/6, 18, , 
2022/8/7, 22, , 
2022/8/8, 30, , 
2022/8/9, 28, , 
2022/8/10, 22, , 
2022/8/11, 23, , 
2022/8/12, 22, , 
2022/8/13, 13, , 
2022/8/14, 13, , 
2022/8/15, 13, , 
2022/8/16, 12, , 
2022/8/17, 20, , 
2022/8/18, 40, , 
2022/8/19, 36, , 
2022/8/20, 17, , 
2022/8/21, 12, , 
2022/8/22, 11, , 
2022/8/23, 12, , 
2022/8/24, 21, , 
2022/8/25, 28, , 
2022/8/26, 17, , 
2022/8/27, 12, , 
2022/8/28, 13, , 
2022/8/29, 15, , 
2022/8/30, 20, , 
2022/8/31, 31, , 
2022/7/1, 20, , 
2022/7/2, 19, , 
2022/7/3, 14, , 
2022/7/4, 11, , 
2022/7/5, 13, , 
2022/7/6, 12, , 
2022/7/7, 12, , 
2022/7/8, 12, , 
2022/7/9, 13, , 
2022/7/10, 12, , 
2022/7/11, 13, , 
2022/7/12, 14, , 
2022/7/13, 12, , 
2022/7/14, 12, , 
2022/7/15, 13, , 
2022/7/16, 12, , 
2022/7/17, 12, , 
2022/7/18, 12, , 
2022/7/19, 17, , 
2022/7/20, 17, , 
2022/7/21, 18, , 
2022/7/22, 14, , 
2022/7/23, 13, , 
2022/7/24, 17, , 
2022/7/25, 24, , 
2022/7/26, 32, , 
2022/7/27, 27, , 
2022/7/28, 30, , 
2022/7/29, 36, , 
2022/7/30, 32, , 
2022/7/31, 32, , 
2022/6/1, 13, , 
2022/6/2, 18, , 
2022/6/3, 14, , 
2022/6/4, 12, , 
2022/6/5, 17, , 
2022/6/6, 10, , 
2022/6/7, 11, , 
2022/6/8, 11, , 
2022/6/9, 12, , 
2022/6/10, 10, , 
2022/6/11, 11, , 
2022/6/12, 10, , 
2022/6/13, 12, , 
2022/6/14, 13, , 
2022/6/15, 17, , 
2022/6/16, 15, , 
2022/6/17, 13, , 
2022/6/18, 12, , 
2022/6/19, 11, , 
2022/6/20, 12, , 
2022/6/21, 15, , 
2022/6/22, 11, , 
2022/6/23, 11, , 
2022/6/24, 11, , 
2022/6/25, 11, , 
2022/6/26, 13, , 
2022/6/27, 17, , 
2022/6/28, 12, , 
2022/6/29, 15, , 
2022/6/30, 17, , 
2022/5/1, 11, , 
2022/5/2, 11, , 
2022/5/3, 10, , 
2022/5/4, 12, , 
2022/5/5, 13, , 
2022/5/6, 10, , 
2022/5/7, 10, , 
2022/5/8, 10, , 
2022/5/9, 10, , 
2022/5/10, 11, , 
2022/5/11, 15, , 
2022/5/12, 11, , 
2022/5/13, 13, , 
2022/5/14, 14, , 
2022/5/15, 12, , 
2022/5/16, 11, , 
2022/5/17, 13, , 
2022/5/18, 13, , 
2022/5/19, 11, , 
2022/5/20, 11, , 
2022/5/21, 13, , 
2022/5/22, 12, , 
2022/5/23, 13, , 
2022/5/24, 13, , 
2022/5/25, 14, , 
2022/5/26, 15, , 
2022/5/27, 12, , 
2022/5/28, 11, , 
2022/5/29, 10, , 
2022/5/30, 10, , 
2022/5/31, 12, , 
2022/4/1, 11, , 
2022/4/6, 11, , 
2022/4/7, 12, , 
2022/4/8, 12, , 
2022/4/9, 10, , 
2022/4/10, 10, , 
2022/4/11, 10, , 
2022/4/12, 10, , 
2022/4/13, 10, , 
2022/4/14, 10, , 
2022/4/15, 12, , 
2022/4/16, 12, , 
2022/4/17, 10, , 
2022/4/18, 11, , 
2022/4/19, 10, , 
2022/4/20, 12, , 
2022/4/21, 14, , 
2022/4/22, 11, , 
2022/4/23, 12, , 
2022/4/24, 15, , 
2022/4/25, 17, , 
2022/4/26, 11, , 
2022/4/27, 11, , 
2022/4/28, 14, , 
2022/4/29, 11, , 
2022/4/30, 14, , 
2022/3/1, 13, , 
2022/3/2, 17, , 
2022/3/3, 10, , 
2022/3/4, 10, , 
2022/3/5, 12, , 
2022/3/6, 17, , 
2022/3/7, 17, , 
2022/3/8, 13, , 
2022/3/9, 12, , 
2022/3/10, 15, , 
2022/3/11, 18, , 
2022/3/12, 18, , 
2022/3/13, 11, , 
2022/3/14, 14, , 
2022/3/15, 17, , 
2022/3/16, 11, , 
2022/3/17, 15, , 
2022/3/18, 13, , 
2022/3/19, 13, , 
2022/3/20, 11, , 
2022/3/21, 13, , 
2022/3/22, 14, , 
2022/3/23, 11, , 
2022/3/24, 11, , 
2022/3/25, 12, , 
2022/3/26, 15, , 
2022/3/27, 17, , 
2022/3/28, 17, , 
2022/3/29, 12, , 
2022/3/30, 11, , 
2022/3/31, 10, , 
2022/2/1, 10, , 
2022/2/2, 13, , 
2022/2/3, 11, , 
2022/2/4, 20, , 
2022/2/5, 12, , 
2022/2/6, 17, , 
2022/2/7, 16, , 
2022/2/8, 14, , 
2022/2/9, 12, , 
2022/2/10, 14, , 
2022/2/11, 18, , 
2022/2/12, 15, , 
2022/2/13, 22, , 
2022/2/14, 16, , 
2022/2/15, 11, , 
2022/2/16, 10, , 
2022/2/17, 13, , 
2022/2/18, 14, , 
2022/2/19, 16, , 
2022/2/20, 11, , 
2022/2/21, 12, , 
2022/2/22, 13, , 
2022/2/23, 15, , 
2022/2/24, 20, , 
2022/2/25, 23, , 
2022/2/26, 25, , 
2022/2/27, 30, , 
2022/2/28, 39, , 
2022/1/3, 78, , 
2022/1/4, 47, , 
2022/1/5, 25, , 
2022/1/6, 35, , 
2022/1/7, 39, , 
2022/1/8, 18, , 
2022/1/9, 30, , 
2022/1/10, 56, , 
2022/1/11, 66, , 
2022/1/12, 62, , 
2022/1/13, 59, , 
2022/1/14, 28, , 
2022/1/15, 18, , 
2022/1/16, 14, , 
2022/1/17, 18, , 
2022/1/18, 13, , 
2022/1/19, 18, , 
2022/1/20, 22, , 
2022/1/21, 12, , 
2022/1/22, 13, , 
2022/1/23, 16, , 
2022/1/24, 17, , 
2022/1/25, 18, , 
2022/1/26, 14, , 
2022/1/27, 16, , 
2022/1/28, 19, , 
2022/1/29, 22, , 
2022/1/30, 24, , 
2022/1/31, 10, , 
2021/10/1, 12, , 
2021/10/2, 13, , 
2021/10/3, 15, , 
2021/10/4, 18, , 
2021/10/5, 19, , 
2021/10/6, 10, , 
2021/10/7, 11, , 
2021/10/8, 17, , 
2021/10/9, 18, , 
2021/10/10, 12, , 
2021/10/11, 11, , 
2021/10/12, 15, , 
2021/10/13, 13, , 
2021/10/14, 11, , 
2021/10/15, 16, , 
2021/10/16, 24, , 
2021/10/17, 31, , 
2021/10/18, 16, , 
2021/10/19, 44, , 
2021/10/20, 24, , 
2021/10/21, 29, , 
2021/10/22, 19, , 
2021/10/23, 34, , 
2021/10/24, 28, , 
2021/10/25, 21, , 
2021/10/26, 15, , 
2021/10/27, 15, , 
2021/10/28, 31, , 
2021/10/29, 14, , 
2021/10/30, 25, , 
2021/10/31, 28, , 
2021/11/1, 44, , 
2021/11/2, 51, , 
2021/11/3, 56, , 
2021/11/4, 40, , 
2021/11/5, 17, , 
2021/11/6, 36, , 
2021/11/7, 17, , 
2021/11/8, 18, , 
2021/11/9, 15, , 
2021/11/10, 27, , 
2021/11/11, 41, , 
2021/11/12, 36, , 
2021/11/13, 35, , 
2021/11/14, 30, , 
2021/11/15, 13, , 
2021/11/16, 14, , 
2021/11/17, 21, , 
2021/11/18, 25, , 
2021/11/19, 40, , 
2021/11/20, 19, , 
2021/11/21, 39, , 
2021/11/22, 42, , 
2021/11/23, 33, , 
2021/11/24, 22, , 
2021/11/25, 46, , 
2021/11/26, 21, , 
2021/11/27, 39, , 
2021/11/28, 21, , 
2021/11/29, 17, , 
2021/11/30, 20, , 
2021/12/1, 26, , 
2021/12/2, 15, , 
2021/12/3, 32, , 
2021/12/4, 38, , 
2021/12/5, 14, , 
2021/12/6, 42, , 
2021/12/7, 45, , 
2021/12/8, 23, , 
2021/12/9, 12, , 
2021/12/10, 14, , 
2021/12/11, 16, , 
2021/12/12, 17, , 
2021/12/13, 28, , 
2021/12/14, 18, , 
2021/12/15, 21, , 
2021/12/16, 37, , 
2021/12/17, 17, , 
2021/12/18, 29, , 
2021/12/19, 16, , 
2021/12/20, 31, , 
2021/12/21, 52, , 
2021/12/22, 48, , 
2021/12/23, 25, , 
2021/12/24, 19, , 
2021/12/25, 25, , 
2021/12/26, 16, , 
2021/12/27, 18, , 
2021/12/28, 28, , 
2021/12/29, 26, , 
2021/12/30, 34, , 
2021/12/31, 26, , 
2022/1/1, 39, , 
2022/1/2, 60, , 
2021/7/1, 22, , 
2021/7/2, 28, , 
2021/7/3, 44, , 
2021/7/4, 21, , 
2021/7/5, 16, , 
2021/7/6, 13, , 
2021/7/7, 17, , 
2021/7/8, 14, , 
2021/7/9, 16, , 
2021/7/10, 28, , 
2021/7/11, 20, , 
2021/7/12, 20, , 
2021/7/13, 23, , 
2021/7/14, 26, , 
2021/7/15, 13, , 
2021/7/16, 11, , 
2021/7/17, 13, , 
2021/7/18, 13, , 
2021/7/19, 13, , 
2021/7/20, 13, , 
2021/7/21, 13, , 
2021/7/22, 11, , 
2021/7/23, 13, , 
2021/7/24, 18, , 
2021/7/25, 15, , 
2021/7/26, 14, , 
2021/7/27, 17, , 
2021/7/28, 21, , 
2021/7/29, 28, , 
2021/7/30, 37, , 
2021/7/31, 46, , 
2021/8/1, 45, , 
2021/8/2, 65, , 
2021/8/3, 71, , 
2021/8/4, 57, , 
2021/8/5, 31, , 
2021/8/6, 10, , 
2021/8/7, 10, , 
2021/8/8, 13, , 
2021/8/9, 19, , 
2021/8/10, 18, , 
2021/8/11, 31, , 
2021/8/12, 97, , 
2021/8/13, 159, , 
2021/8/14, 90, , 
2021/8/15, 37, , 
2021/8/16, 20, , 
2021/8/17, 14, , 
2021/8/18, 35, , 
2021/8/19, 20, , 
2021/8/20, 12, , 
2021/8/21, 14, , 
2021/8/22, 17, , 
2021/8/23, 19, , 
2021/8/24, 24, , 
2021/8/25, 30, , 
2021/8/26, 13, , 
2021/8/27, 12, , 
2021/8/28, 34, , 
2021/8/29, 44, , 
2021/8/30, 13, , 
2021/8/31, 15, , 
2021/9/1, 27, , 
2021/9/2, 31, , 
2021/9/3, 48, , 
2021/9/4, 81, , 
2021/9/5, 25, , 
2021/9/6, 12, , 
2021/9/7, 31, , 
2021/9/8, 62, , 
2021/9/9, 29, , 
2021/9/10, 15, , 
2021/9/11, 11, , 
2021/9/12, 12, , 
2021/9/13, 14, , 
2021/9/14, 15, , 
2021/9/15, 11, , 
2021/9/16, 12, , 
2021/9/17, 27, , 
2021/9/18, 15, , 
2021/9/19, 10, , 
2021/9/20, 13, , 
2021/9/21, 14, , 
2021/9/22, 14, , 
2021/9/23, 11, , 
2021/9/24, 14, , 
2021/9/25, 21, , 
2021/9/26, 18, , 
2021/9/27, 11, , 
2021/9/28, 11, , 
2021/9/29, 12, , 
2021/9/30, 13, , 
2021/4/1, 25, , 
2021/4/2, 25, , 
2021/4/3, 25, , 
2021/4/4, 15, , 
2021/4/5, 12, , 
2021/4/6, 15, , 
2021/4/7, 18, , 
2021/4/8, 13, , 
2021/4/9, 19, , 
2021/4/10, 11, , 
2021/4/11, 20, , 
2021/4/12, 15, , 
2021/4/13, 14, , 
2021/4/14, 14, , 
2021/4/15, 13, , 
2021/4/16, 16, , 
2021/4/17, 18, , 
2021/4/18, 18, , 
2021/4/19, 14, , 
2021/4/20, 18, , 
2021/4/21, 20, , 
2021/4/22, 21, , 
2021/4/23, 21, , 
2021/4/24, 16, , 
2021/4/25, 12, , 
2021/4/26, 11, , 
2021/4/27, 12, , 
2021/4/28, 15, , 
2021/4/29, 16, , 
2021/4/30, 11, , 
2021/5/1, 12, , 
2021/5/2, 10, , 
2021/5/3, 11, , 
2021/5/4, 11, , 
2021/5/5, 15, , 
2021/5/6, 14, , 
2021/5/7, 10, , 
2021/5/8, 12, , 
2021/5/9, 12, , 
2021/5/10, 12, , 
2021/5/11, 14, , 
2021/5/12, 15, , 
2021/5/13, 13, , 
2021/5/14, 14, , 
2021/5/15, 15, , 
2021/5/16, 15, , 
2021/5/17, 13, , 
2021/5/18, 10, , 
2021/5/19, 10, , 
2021/5/20, 11, , 
2021/5/21, 14, , 
2021/5/22, 16, , 
2021/5/23, 13, , 
2021/5/24, 12, , 
2021/5/25, 10, , 
2021/5/26, 12, , 
2021/5/27, 12, , 
2021/5/28, 10, , 
2021/5/29, 11, , 
2021/5/30, 11, , 
2021/5/31, 16, , 
2021/6/1, 20, , 
2021/6/2, 21, , 
2021/6/3, 11, , 
2021/6/4, 11, , 
2021/6/5, 11, , 
2021/6/6, 10, , 
2021/6/7, 10, , 
2021/6/8, 11, , 
2021/6/9, 10, , 
2021/6/10, 10, , 
2021/6/11, 11, , 
2021/6/12, 11, , 
2021/6/13, 10, , 
2021/6/14, 11, , 
2021/6/15, 11, , 
2021/6/16, 11, , 
2021/6/17, 13, , 
2021/6/18, 14, , 
2021/6/19, 12, , 
2021/6/20, 12, , 
2021/6/21, 17, , 
2021/6/22, 18, , 
2021/6/23, 11, , 
2021/6/24, 12, , 
2021/6/25, 16, , 
2021/6/26, 23, , 
2021/6/27, 21, , 
2021/6/28, 24, , 
2021/6/29, 36, , 
2021/6/30, 42, , 
2021/1/4, 24, , 
2021/1/5, 25, , 
2021/1/6, 35, , 
2021/1/7, 24, , 
2021/1/8, 26, , 
2021/1/9, 24, , 
2021/1/10, 35, , 
2021/1/11, 44, , 
2021/1/12, 48, , 
2021/1/13, 20, , 
2021/1/14, 23, , 
2021/1/15, 24, , 
2021/1/16, 32, , 
2021/1/17, 20, , 
2021/1/18, 24, , 
2021/1/19, 28, , 
2021/1/20, 32, , 
2021/1/21, 47, , 
2021/1/22, 41, , 
2021/1/23, 48, , 
2021/1/24, 48, , 
2021/1/25, 37, , 
2021/1/26, 22, , 
2021/1/27, 17, , 
2021/1/28, 29, , 
2021/1/29, 19, , 
2021/1/30, 31, , 
2021/1/31, 37, , 
2021/2/1, 24, , 
2021/2/2, 15, , 
2021/2/3, 13, , 
2021/2/4, 12, , 
2021/2/5, 13, , 
2021/2/6, 10, , 
2021/2/7, 12, , 
2021/2/8, 13, , 
2021/2/9, 19, , 
2021/2/10, 26, , 
2021/2/11, 20, , 
2021/2/12, 19, , 
2021/2/13, 25, , 
2021/2/14, 24, , 
2021/2/15, 33, , 
2021/2/16, 21, , 
2021/2/17, 14, , 
2021/2/18, 52, , 
2021/2/19, 51, , 
2021/2/20, 19, , 
2021/2/21, 14, , 
2021/2/22, 10, , 
2021/2/23, 11, , 
2021/2/24, 12, , 
2021/2/25, 14, , 
2021/2/26, 10, , 
2021/2/27, 16, , 
2021/2/28, 19, , 
2021/3/1, 26, , 
2021/3/2, 27, , 
2021/3/3, 28, , 
2021/3/4, 28, , 
2021/3/5, 24, , 
2021/3/6, 14, , 
2021/3/7, 19, , 
2021/3/8, 20, , 
2021/3/9, 22, , 
2021/3/10, 18, , 
2021/3/11, 17, , 
2021/3/12, 23, , 
2021/3/13, 30, , 
2021/3/14, 29, , 
2021/3/15, 12, , 
2021/3/16, 16, , 
2021/3/17, 20, , 
2021/3/18, 20, , 
2021/3/19, 12, , 
2021/3/20, 11, , 
2021/3/21, 16, , 
2021/3/22, 14, , 
2021/3/23, 13, , 
2021/3/24, 14, , 
2021/3/25, 10, , 
2021/3/26, 15, , 
2021/3/27, 18, , 
2021/3/28, 15, , 
2021/3/29, 12, , 
2021/3/30, 16, , 
2021/3/31, 20, , 
2020/10/1, 22, , 
2020/10/2, 31, , 
2020/10/3, 33, , 
2020/10/4, 38, , 
2020/10/5, 40, , 
2020/10/6, 33, , 
2020/10/7, 48, , 
2020/10/8, 62, , 
2020/10/9, 31, , 
2020/10/10, 17, , 
2020/10/11, 14, , 
2020/10/12, 14, , 
2020/10/13, 18, , 
2020/10/14, 16, , 
2020/10/15, 14, , 
2020/10/21, 11, , 
2020/10/22, 17, , 
2020/10/23, 27, , 
2020/10/24, 24, , 
2020/10/25, 25, , 
2020/10/26, 29, , 
2020/10/27, 38, , 
2020/10/28, 32, , 
2020/10/29, 17, , 
2020/10/30, 15, , 
2020/10/31, 18, , 
2020/11/1, 23, , 
2020/11/2, 25, , 
2020/11/3, 48, , 
2020/11/4, 39, , 
2020/11/5, 15, , 
2020/11/6, 22, , 
2020/11/7, 16, , 
2020/11/8, 27, , 
2020/11/9, 41, , 
2020/11/10, 25, , 
2020/11/11, 23, , 
2020/11/12, 65, , 
2020/11/13, 46, , 
2020/11/14, 14, , 
2020/11/15, 15, , 
2020/11/16, 24, , 
2020/11/17, 22, , 
2020/11/18, 15, , 
2020/11/19, 17, , 
2020/11/20, 33, , 
2020/11/21, 50, , 
2020/11/22, 57, , 
2020/11/23, 42, , 
2020/11/24, 23, , 
2020/11/25, 24, , 
2020/11/26, 21, , 
2020/11/27, 33, , 
2020/11/28, 37, , 
2020/11/29, 35, , 
2020/11/30, 37, , 
2020/12/1, 20, , 
2020/12/2, 28, , 
2020/12/3, 53, , 
2020/12/4, 56, , 
2020/12/5, 52, , 
2020/12/6, 52, , 
2020/12/7, 38, , 
2020/12/8, 40, , 
2020/12/9, 20, , 
2020/12/10, 25, , 
2020/12/11, 34, , 
2020/12/12, 32, , 
2020/12/13, 41, , 
2020/12/14, 34, , 
2020/12/15, 29, , 
2020/12/16, 20, , 
2020/12/17, 15, , 
2020/12/18, 20, , 
2020/12/19, 20, , 
2020/12/20, 17, , 
2020/12/21, 27, , 
2020/12/22, 13, , 
2020/12/23, 18, , 
2020/12/24, 34, , 
2020/12/25, 52, , 
2020/12/26, 53, , 
2020/12/27, 38, , 
2020/12/28, 44, , 
2020/12/29, 27, , 
2020/12/30, 46, , 
2020/12/31, 37, , 
2021/1/1, 39, , 
2021/1/2, 33, , 
2021/1/3, 16, , 
2020/7/1, 10, , 
2020/7/2, 25, , 
2020/7/3, 42, , 
2020/7/4, 32, , 
2020/7/5, 35, , 
2020/7/6, 21, , 
2020/7/7, 11, , 
2020/7/8, 15, , 
2020/7/9, 15, , 
2020/7/10, 18, , 
2020/7/11, 22, , 
2020/7/12, 14, , 
2020/7/13, 17, , 
2020/7/14, 18, , 
2020/7/15, 19, , 
2020/7/16, 16, , 
2020/7/17, 13, , 
2020/7/18, 16, , 
2020/7/23, 11, , 
2020/7/24, 13, , 
2020/7/25, 15, , 
2020/7/26, 16, , 
2020/7/27, 19, , 
2020/7/28, 22, , 
2020/7/29, 20, , 
2020/7/30, 29, , 
2020/7/31, 24, , 
2020/8/1, 15, , 
2020/8/2, 15, , 
2020/8/3, 19, , 
2020/8/4, 25, , 
2020/8/5, 26, , 
2020/8/6, 13, , 
2020/8/7, 15, , 
2020/8/8, 14, , 
2020/8/9, 14, , 
2020/8/10, 15, , 
2020/8/11, 22, , 
2020/8/12, 53, , 
2020/8/13, 61, , 
2020/8/14, 29, , 
2020/8/15, 21, , 
2020/8/16, 23, , 
2020/8/17, 34, , 
2020/8/18, 23, , 
2020/8/19, 21, , 
2020/8/20, 15, , 
2020/8/21, 13, , 
2020/8/22, 12, , 
2020/8/23, 22, , 
2020/8/24, 19, , 
2020/8/25, 16, , 
2020/8/26, 17, , 
2020/8/27, 16, , 
2020/8/28, 40, , 
2020/8/29, 14, , 
2020/8/30, 15, , 
2020/8/31, 11, , 
2020/9/1, 13, , 
2020/9/2, 13, , 
2020/9/3, 29, , 
2020/9/4, 56, , 
2020/9/5, 33, , 
2020/9/6, 27, , 
2020/9/7, 60, , 
2020/9/8, 22, , 
2020/9/9, 55, , 
2020/9/10, 60, , 
2020/9/11, 388, , 
2020/9/12, 410, , 
2020/9/13, 412, , 
2020/9/14, 281, , 
2020/9/16, 31, , 
2020/9/17, 42, , 
2020/9/18, 55, , 
2020/9/19, 17, , 
2020/9/20, 25, , 
2020/9/21, 48, , 
2020/9/22, 20, , 
2020/9/23, 28, , 
2020/9/24, 14, , 
2020/9/25, 14, , 
2020/9/26, 11, , 
2020/9/27, 13, , 
2020/9/28, 13, , 
2020/9/29, 18, , 
2020/9/30, 20, , 
2020/4/1, 12, , 
2020/4/2, 14, , 
2020/4/3, 12, , 
2020/4/4, 14, , 
2020/4/5, 16, , 
2020/4/6, 17, , 
2020/4/7, 23, , 
2020/4/8, 31, , 
2020/4/9, 30, , 
2020/4/10, 21, , 
2020/4/11, 16, , 
2020/4/12, 16, , 
2020/4/13, 17, , 
2020/4/14, 17, , 
2020/4/15, 11, , 
2020/4/16, 13, , 
2020/4/17, 16, , 
2020/4/18, 14, , 
2020/4/19, 13, , 
2020/4/20, 15, , 
2020/4/21, 14, , 
2020/4/22, 16, , 
2020/4/23, 11, , 
2020/4/24, 16, , 
2020/4/25, 18, , 
2020/4/26, 16, , 
2020/4/27, 12, , 
2020/4/28, 14, , 
2020/4/29, 16, , 
2020/4/30, 12, , 
2020/5/1, 17, , 
2020/5/2, 18, , 
2020/5/3, 12, , 
2020/5/4, 17, , 
2020/5/5, 19, , 
2020/5/6, 13, , 
2020/5/7, 14, , 
2020/5/8, 14, , 
2020/5/9, 16, , 
2020/5/10, 16, , 
2020/5/11, 21, , 
2020/5/12, 18, , 
2020/5/13, 12, , 
2020/5/14, 12, , 
2020/5/15, 11, , 
2020/5/16, 15, , 
2020/5/17, 13, , 
2020/5/18, 15, , 
2020/5/19, 11, , 
2020/5/20, 11, , 
2020/5/21, 10, , 
2020/5/22, 10, , 
2020/5/23, 11, , 
2020/5/24, 14, , 
2020/5/25, 17, , 
2020/5/26, 11, , 
2020/5/27, 13, , 
2020/5/28, 18, , 
2020/5/29, 25, , 
2020/5/30, 23, , 
2020/5/31, 11, , 
2020/6/1, 15, , 
2020/6/2, 14, , 
2020/6/3, 14, , 
2020/6/4, 14, , 
2020/6/5, 16, , 
2020/6/6, 12, , 
2020/6/7, 10, , 
2020/6/8, 13, , 
2020/6/9, 13, , 
2020/6/10, 13, , 
2020/6/11, 13, , 
2020/6/12, 12, , 
2020/6/13, 9, , 
2020/6/14, 10, , 
2020/6/15, 14, , 
2020/6/16, 11, , 
2020/6/17, 13, , 
2020/6/18, 16, , 
2020/6/19, 18, , 
2020/6/20, 16, , 
2020/6/21, 11, , 
2020/6/22, 12, , 
2020/6/23, 18, , 
2020/6/24, 14, , 
2020/6/25, 16, , 
2020/6/26, 22, , 
2020/6/27, 11, , 
2020/6/28, 10, , 
2020/6/29, 16, , 
2020/6/30, 12, , 
2020/1/1, 32, , 
2020/1/2, 18, , 
2020/1/3, 32, , 
2020/1/4, 42, , 
2020/1/5, 67, , 
2020/1/6, 29, , 
2020/1/7, 22, , 
2020/1/8, 18, , 
2020/1/9, 20, , 
2020/1/10, 31, , 
2020/1/11, 21, , 
2020/1/12, 14, , 
2020/1/13, 14, , 
2020/1/14, 26, , 
2020/1/15, 24, , 
2020/1/16, 56, , 
2020/1/17, 34, , 
2020/1/18, 54, , 
2020/1/19, 66, , 
2020/1/20, 66, , 
2020/1/21, 57, , 
2020/1/22, 36, , 
2020/1/23, 47, , 
2020/1/24, 51, , 
2020/1/25, 34, , 
2020/1/26, 22, , 
2020/1/27, 19, , 
2020/1/28, 20, , 
2020/1/29, 21, , 
2020/1/30, 20, , 
2020/1/31, 28, , 
2020/2/1, 10, , 
2020/2/2, 12, , 
2020/2/3, 13, , 
2020/2/4, 23, , 
2020/2/5, 19, , 
2020/2/6, 10, , 
2020/2/7, 9, , 
2020/2/8, 10, , 
2020/2/9, 15, , 
2020/2/10, 18, , 
2020/2/11, 17, , 
2020/2/12, 14, , 
2020/2/13, 18, , 
2020/2/14, 12, , 
2020/2/15, 15, , 
2020/2/16, 14, , 
2020/2/17, 12, , 
2020/2/18, 21, , 
2020/2/19, 24, , 
2020/2/20, 26, , 
2020/2/21, 35, , 
2020/2/22, 28, , 
2020/2/23, 18, , 
2020/2/24, 17, , 
2020/2/25, 19, , 
2020/2/26, 20, , 
2020/2/27, 20, , 
2020/2/28, 22, , 
2020/2/29, 10, , 
2020/3/1, 14, , 
2020/3/2, 13, , 
2020/3/3, 11, , 
2020/3/4, 14, , 
2020/3/5, 20, , 
2020/3/6, 13, , 
2020/3/7, 11, , 
2020/3/8, 14, , 
2020/3/9, 15, , 
2020/3/10, 16, , 
2020/3/11, 12, , 
2020/3/12, 16, , 
2020/3/13, 17, , 
2020/3/14, 18, , 
2020/3/15, 20, , 
2020/3/16, 26, , 
2020/3/17, 29, , 
2020/3/18, 26, , 
2020/3/19, 26, , 
2020/3/20, 27, , 
2020/3/21, 18, , 
2020/3/22, 23, , 
2020/3/23, 13, , 
2020/3/24, 15, , 
2020/3/25, 12, , 
2020/3/26, 15, , 
2020/3/27, 17, , 
2020/3/28, 15, , 
2019/10/1, 21, , 
2019/10/2, 30, , 
2019/10/3, 32, , 
2019/10/4, 22, , 
2019/10/5, 20, , 
2019/10/9, 21, , 
2019/10/10, 25, , 
2019/10/11, 35, , 
2019/10/12, 51, , 
2019/10/13, 43, , 
2019/10/14, 28, , 
2019/10/15, 33, , 
2019/10/16, 53, , 
2019/10/17, 22, , 
2019/10/18, 23, , 
2019/10/19, 15, , 
2019/10/20, 17, , 
2019/10/21, 28, , 
2019/10/22, 26, , 
2019/10/23, 28, , 
2019/10/24, 39, , 
2019/10/25, 30, , 
2019/10/26, 17, , 
2019/10/27, 17, , 
2019/10/28, 21, , 
2019/10/29, 15, , 
2019/10/30, 22, , 
2019/10/31, 34, , 
2019/11/1, 47, , 
2019/11/2, 61, , 
2019/11/3, 58, , 
2019/11/4, 53, , 
2019/11/5, 59, , 
2019/11/6, 77, , 
2019/11/7, 65, , 
2019/11/8, 70, , 
2019/11/9, 54, , 
2019/11/10, 49, , 
2019/11/11, 81, , 
2019/11/12, 57, , 
2019/11/13, 61, , 
2019/11/14, 54, , 
2019/11/15, 47, , 
2019/11/16, 30, , 
2019/11/17, 31, , 
2019/11/18, 27, , 
2019/11/19, 22, , 
2019/11/20, 26, , 
2019/11/21, 31, , 
2019/11/22, 48, , 
2019/11/23, 57, , 
2019/11/24, 21, , 
2019/11/25, 16, , 
2019/11/26, 21, , 
2019/11/27, 20, , 
2019/11/28, 29, , 
2019/11/29, 29, , 
2019/11/30, 36, , 
2019/12/1, 47, , 
2019/12/2, 56, , 
2019/12/3, 78, , 
2019/12/4, 89, , 
2019/12/5, 76, , 
2019/12/6, 76, , 
2019/12/7, 64, , 
2019/12/8, 46, , 
2019/12/9, 21, , 
2019/12/10, 27, , 
2019/12/11, 42, , 
2019/12/12, 34, , 
2019/12/13, 31, , 
2019/12/14, 33, , 
2019/12/15, 24, , 
2019/12/16, 36, , 
2019/12/17, 53, , 
2019/12/18, 64, , 
2019/12/19, 72, , 
2019/12/20, 49, , 
2019/12/21, 18, , 
2019/12/22, 28, , 
2019/12/23, 16, , 
2019/12/24, 29, , 
2019/12/25, 42, , 
2019/12/26, 51, , 
2019/12/27, 97, , 
2019/12/28, 87, , 
2019/12/29, 79, , 
2019/7/1, 21, , 
2019/7/2, 13, , 
2019/7/3, 13, , 
2019/7/4, 21, , 
2019/7/5, 30, , 
2019/7/6, 19, , 
2019/7/7, 17, , 
2019/7/8, 24, , 
2019/7/9, 29, , 
2019/7/10, 19, , 
2019/7/11, 12, , 
2019/7/12, 15, , 
2019/7/13, 17, , 
2019/7/14, 15, , 
2019/7/15, 17, , 
2019/7/16, 18, , 
2019/7/17, 16, , 
2019/7/18, 16, , 
2019/7/19, 19, , 
2019/7/20, 23, , 
2019/7/21, 23, , 
2019/7/22, 25, , 
2019/7/23, 21, , 
2019/7/24, 17, , 
2019/7/25, 22, , 
2019/7/26, 24, , 
2019/7/27, 15, , 
2019/7/28, 22, , 
2019/7/29, 21, , 
2019/7/30, 19, , 
2019/7/31, 22, , 
2019/8/1, 25, , 
2019/8/2, 14, , 
2019/8/3, 21, , 
2019/8/4, 37, , 
2019/8/5, 53, , 
2019/8/6, 49, , 
2019/8/7, 45, , 
2019/8/8, 25, , 
2019/8/9, 21, , 
2019/8/10, 27, , 
2019/8/11, 22, , 
2019/8/12, 23, , 
2019/8/13, 25, , 
2019/8/14, 24, , 
2019/8/15, 23, , 
2019/8/16, 26, , 
2019/8/17, 20, , 
2019/8/18, 21, , 
2019/8/19, 20, , 
2019/8/20, 29, , 
2019/8/21, 22, , 
2019/8/22, 18, , 
2019/8/23, 24, , 
2019/8/24, 27, , 
2019/8/25, 19, , 
2019/8/26, 23, , 
2019/8/27, 22, , 
2019/8/28, 28, , 
2019/8/29, 31, , 
2019/8/30, 24, , 
2019/8/31, 23, , 
2019/9/1, 21, , 
2019/9/2, 21, , 
2019/9/3, 24, , 
2019/9/4, 24, , 
2019/9/5, 25, , 
2019/9/6, 27, , 
2019/9/7, 28, , 
2019/9/8, 13, , 
2019/9/9, 15, , 
2019/9/10, 14, , 
2019/9/11, 15, , 
2019/9/12, 18, , 
2019/9/13, 16, , 
2019/9/14, 18, , 
2019/9/15, 17, , 
2019/9/16, 15, , 
2019/9/17, 16, , 
2019/9/18, 14, , 
2019/9/19, 16, , 
2019/9/20, 16, , 
2019/9/21, 20, , 
2019/9/22, 22, , 
2019/9/23, 18, , 
2019/9/24, 17, , 
2019/9/25, 23, , 
2019/9/26, 18, , 
2019/9/27, 17, , 
2019/9/28, 14, , 
2019/9/29, 16, , 
2019/9/30, 20, , 
2019/4/1, 23, , 
2019/4/2, 23, , 
2019/4/3, 19, , 
2019/4/4, 17, , 
2019/4/5, 16, , 
2019/4/6, 17, , 
2019/4/7, 17, , 
2019/4/8, 23, , 
2019/4/9, 11, , 
2019/4/10, 10, , 
2019/4/11, 11, , 
2019/4/12, 11, , 
2019/4/13, 13, , 
2019/4/14, 17, , 
2019/4/15, 14, , 
2019/4/16, 17, , 
2019/4/17, 11, , 
2019/4/18, 14, , 
2019/4/19, 15, , 
2019/4/20, 13, , 
2019/4/21, 18, , 
2019/4/22, 20, , 
2019/4/23, 18, , 
2019/4/24, 17, , 
2019/4/25, 24, , 
2019/4/26, 24, , 
2019/4/27, 14, , 
2019/4/28, 15, , 
2019/4/29, 16, , 
2019/4/30, 18, , 
2019/5/1, 18, , 
2019/5/2, 18, , 
2019/5/3, 16, , 
2019/5/4, 15, , 
2019/5/6, 16, , 
2019/5/7, 18, , 
2019/5/8, 21, , 
2019/5/9, 18, , 
2019/5/10, 18, , 
2019/5/11, 24, , 
2019/5/12, 17, , 
2019/5/13, 19, , 
2019/5/14, 16, , 
2019/5/15, 22, , 
2019/5/16, 27, , 
2019/5/17, 13, , 
2019/5/18, 14, , 
2019/5/19, 13, , 
2019/5/20, 14, , 
2019/5/21, 14, , 
2019/5/22, 18, , 
2019/5/23, 19, , 
2019/5/24, 17, , 
2019/5/25, 12, , 
2019/5/26, 14, , 
2019/5/27, 22, , 
2019/5/28, 25, , 
2019/5/29, 47, , 
2019/5/30, 36, , 
2019/5/31, 39, , 
2019/6/1, 30, , 
2019/6/2, 17, , 
2019/6/3, 15, , 
2019/6/4, 14, , 
2019/6/5, 16, , 
2019/6/6, 13, , 
2019/6/7, 11, , 
2019/6/8, 12, , 
2019/6/9, 14, , 
2019/6/10, 16, , 
2019/6/11, 16, , 
2019/6/13, 18, , 
2019/6/14, 14, , 
2019/6/15, 17, , 
2019/6/16, 20, , 
2019/6/17, 36, , 
2019/6/18, 13, , 
2019/6/19, 15, , 
2019/6/20, 13, , 
2019/6/21, 18, , 
2019/6/22, 14, , 
2019/6/23, 16, , 
2019/6/24, 17, , 
2019/6/25, 28, , 
2019/6/26, 20, , 
2019/6/27, 11, , 
2019/6/28, 12, , 
2019/6/29, 16, , 
2019/6/30, 19, , 
2019/1/1, 37, , 
2019/1/2, 42, , 
2019/1/3, 48, , 
2019/1/4, 34, , 
2019/1/5, 37, , 
2019/1/6, 25, , 
2019/1/7, 18, , 
2019/1/8, 35, , 
2019/1/9, 39, , 
2019/1/10, 60, , 
2019/1/11, 52, , 
2019/1/12, 47, , 
2019/1/13, 34, , 
2019/1/14, 24, , 
2019/1/15, 36, , 
2019/1/16, 56, , 
2019/1/17, 58, , 
2019/1/18, 52, , 
2019/1/19, 34, , 
2019/1/20, 25, , 
2019/1/21, 14, , 
2019/1/22, 35, , 
2019/1/23, 20, , 
2019/1/24, 16, , 
2019/1/25, 21, , 
2019/1/26, 39, , 
2019/1/27, 33, , 
2019/1/28, 39, , 
2019/1/29, 41, , 
2019/1/30, 45, , 
2019/1/31, 59, , 
2019/2/1, 78, , 
2019/2/2, 60, , 
2019/2/3, 24, , 
2019/2/4, 15, , 
2019/2/5, 30, , 
2019/2/6, 48, , 
2019/2/7, 55, , 
2019/2/8, 57, , 
2019/2/9, 42, , 
2019/2/10, 33, , 
2019/2/11, 33, , 
2019/2/12, 54, , 
2019/2/13, 56, , 
2019/2/14, 38, , 
2019/2/15, 50, , 
2019/2/16, 67, , 
2019/2/17, 26, , 
2019/2/18, 49, , 
2019/2/19, 16, , 
2019/2/20, 34, , 
2019/2/21, 60, , 
2019/2/22, 49, , 
2019/2/23, 19, , 
2019/2/24, 42, , 
2019/2/25, 30, , 
2019/2/26, 35, , 
2019/2/27, 27, , 
2019/2/28, 35, , 
2019/3/1, 59, , 
2019/3/2, 69, , 
2019/3/3, 41, , 
2019/3/4, 29, , 
2019/3/5, 32, , 
2019/3/6, 47, , 
2019/3/7, 44, , 
2019/3/8, 30, , 
2019/3/9, 53, , 
2019/3/10, 39, , 
2019/3/11, 36, , 
2019/3/12, 36, , 
2019/3/13, 12, , 
2019/3/14, 18, , 
2019/3/15, 28, , 
2019/3/16, 48, , 
2019/3/17, 52, , 
2019/3/18, 40, , 
2019/3/19, 43, , 
2019/3/20, 36, , 
2019/3/21, 20, , 
2019/3/22, 16, , 
2019/3/23, 13, , 
2019/3/24, 17, , 
2019/3/25, 20, , 
2019/3/26, 12, , 
2019/3/27, 22, , 
2019/3/28, 22, , 
2019/3/29, 15, , 
2019/3/30, 17, , 
2019/3/31, 20, , 
2018/10/1, 30, , 
2018/10/25, 34, , 
2018/10/26, 24, , 
2018/10/27, 15, , 
2018/10/28, 13, , 
2018/10/29, 13, , 
2018/10/30, 19, , 
2018/10/31, 18, , 
2018/11/1, 14, , 
2018/11/2, 11, , 
2018/11/3, 24, , 
2018/11/4, 17, , 
2018/11/5, 12, , 
2018/11/6, 12, , 
2018/11/7, 14, , 
2018/11/8, 22, , 
2018/11/9, 28, , 
2018/11/10, 28, , 
2018/11/11, 44, , 
2018/11/12, 52, , 
2018/11/13, 56, , 
2018/11/14, 59, , 
2018/11/15, 42, , 
2018/11/16, 37, , 
2018/11/17, 40, , 
2018/11/18, 51, , 
2018/11/19, 58, , 
2018/11/20, 76, , 
2018/11/21, 75, , 
2018/11/22, 73, , 
2018/11/23, 33, , 
2018/11/24, 21, , 
2018/11/25, 36, , 
2018/11/26, 43, , 
2018/11/27, 63, , 
2018/11/28, 54, , 
2018/11/29, 38, , 
2018/11/30, 27, , 
2018/12/1, 26, , 
2018/12/2, 20, , 
2018/12/3, 27, , 
2018/12/4, 39, , 
2018/12/5, 42, , 
2018/12/6, 34, , 
2018/12/7, 46, , 
2018/12/8, 55, , 
2018/12/9, 57, , 
2018/12/10, 58, , 
2018/12/11, 53, , 
2018/12/12, 15, , 
2018/12/13, 36, , 
2018/12/14, 29, , 
2018/12/15, 20, , 
2018/12/16, 32, , 
2018/12/17, 43, , 
2018/12/18, 28, , 
2018/12/19, 23, , 
2018/12/20, 22, , 
2018/12/21, 22, , 
2018/12/22, 27, , 
2018/12/23, 41, , 
2018/12/24, 30, , 
2018/12/25, 23, , 
2018/12/26, 31, , 
2018/12/27, 25, , 
2018/12/28, 47, , 
2018/12/29, 22, , 
2018/12/30, 10, , 
2018/7/1, 11, , 2
2018/7/2, 11, , 
2018/7/3, 13, , 
2018/7/4, 20, , 
2018/7/5, 41, , 
2018/7/6, 31, , 
2018/7/7, 29, , 
2018/7/8, 31, , 
2018/7/9, 36, , 9
2018/7/10, 30, , 23
2018/7/11, 30, , 32
2018/7/12, 33, , 40
2018/7/13, 36, , 30
2018/7/14, 36, , 34
2018/7/15, 38, , 46
2018/7/16, 46, , 39
2018/7/17, 42, , 16
2018/7/18, 33, , 21
2018/7/19, 31, , 21
2018/7/20, 32, , 23
2018/7/21, 34, , 30
2018/7/22, 37, , 38
2018/7/23, 42, , 42
2018/7/24, 38, , 41
2018/7/25, 39, , 35
2018/7/26, 39, , 26
2018/7/27, 36, , 29
2018/7/28, 40, , 38
2018/7/29, 47, , 42
2018/7/30, 57, , 33
2018/7/31, 47, , 30
2018/8/1, 49, , 18
2018/8/2, 38, , 15
2018/8/3, 30, , 25
2018/8/4, 36, , 31
2018/8/5, 37, , 40
2018/8/6, 46, , 49
2018/8/7, 63, , 42
2018/8/8, 74, , 
2018/8/9, 77, , 38
2018/8/10, 59, , 18
2018/8/11, 29, , 24
2018/8/12, 32, , 35
2018/8/13, 86, , 47
2018/8/14, 158, , 51
2018/8/15, 143, , 42
2018/8/16, 125, , 36
2018/8/21, 19, , 61
2018/8/22, 19, , 31
2018/8/23, 19, , 22
2018/8/24, 46, , 22
2018/8/25, 58, , 21
2018/8/26, 18, , 23
2018/8/27, 17, , 31
2018/8/28, 30, , 36
2018/8/29, 39, , 21
2018/8/30, 15, , 25
2018/8/31, 11, , 24
2018/9/1, 15, , 31
2018/9/2, 22, , 27
2018/9/3, 22, , 33
2018/9/4, 36, , 37
2018/9/5, 62, , 50
2018/9/6, 62, , 42
2018/9/7, 44, , 27
2018/9/8, 12, , 28
2018/9/9, 15, , 30
2018/9/10, 17, , 24
2018/9/11, 29, , 22
2018/9/12, 27, , 21
2018/9/13, 30, , 25
2018/9/14, 32, , 23
2018/9/15, 32, , 26
2018/9/16, 30, , 24
2018/9/17, 32, , 26
2018/9/18, 34, , 28
2018/9/19, 33, , 24
2018/9/20, 30, , 16
2018/9/21, 32, , 25
2018/9/22, 29, , 27
2018/9/23, 34, , 25
2018/9/24, 34, , 28
2018/9/25, 35, , 31
2018/9/26, 37, , 18
2018/9/27, 38, , 
2018/9/28, 38, , 27
2018/9/29, 39, , 22
2018/9/30, 38, , 19
2018/4/1, 18, , 
2018/4/2, 13, , 
2018/4/3, 19, , 
2018/4/4, 19, , 
2018/4/5, 31, , 
2018/4/6, 33, , 
2018/4/7, 14, , 
2018/4/8, 11, , 
2018/4/9, 15, , 
2018/4/10, 21, , 
2018/4/11, 12, , 
2018/4/12, 9, , 
2018/4/13, 16, , 
2018/4/14, 22, , 
2018/4/15, 15, , 
2018/4/16, 9, , 
2018/4/17, 11, , 
2018/4/18, 15, , 
2018/4/19, 13, , 
2018/4/20, 15, , 
2018/4/21, 13, , 
2018/4/22, 16, , 
2018/4/23, 16, , 
2018/4/24, 18, , 
2018/4/25, 24, , 
2018/4/26, 25, , 
2018/4/27, 21, , 
2018/4/28, 14, , 
2018/4/29, 12, , 
2018/4/30, 14, , 
2018/5/1, 16, , 
2018/5/2, 23, , 
2018/5/3, 28, , 
2018/5/4, 18, , 
2018/5/5, 23, , 
2018/5/6, 26, , 
2018/5/7, 22, , 
2018/5/8, 27, , 
2018/5/9, 14, , 
2018/5/10, 11, , 
2018/5/11, 12, , 
2018/5/12, 18, , 
2018/5/14, 28, , 
2018/5/15, 28, , 
2018/5/16, 18, , 
2018/5/17, 16, , 
2018/5/18, 23, , 
2018/5/19, 31, , 
2018/5/20, 27, , 
2018/5/21, 21, , 
2018/5/22, 25, , 
2018/5/23, 33, , 
2018/5/24, 24, , 
2018/5/25, 22, , 
2018/5/26, 14, , 
2018/5/27, 16, , 
2018/5/28, 16, , 
2018/5/29, 14, , 
2018/5/30, 14, , 
2018/5/31, 13, , 
2018/6/1, 12, , 
2018/6/2, 15, , 
2018/6/3, 17, , 
2018/6/4, 13, , 
2018/6/5, 14, , 
2018/6/6, 17, , 
2018/6/7, 16, , 
2018/6/9, 11, , 
2018/6/10, 10, , 
2018/6/11, 11, , 
2018/6/12, 14, , 
2018/6/13, 13, , 
2018/6/14, 11, , 
2018/6/15, 15, , 
2018/6/16, 16, , 
2018/6/17, 18, , 
2018/6/18, 23, , 
2018/6/19, 28, , 
2018/6/20, 24, , 
2018/6/21, 25, , 
2018/6/22, 20, , 
2018/6/23, 12, , 
2018/6/24, 28, , 
2018/6/25, 13, , 
2018/6/26, 13, , 
2018/6/27, 16, , 
2018/6/28, 16, , 
2018/6/29, 18, , 
2018/6/30, 15, , 
2018/1/1, 63, 14, 
2018/1/2, 24, 16, 
2018/1/3, 33, 18, 
2018/1/4, 41, 28, 
2018/1/5, 65, 22, 
2018/1/6, 46, 17, 
2018/1/7, 36, 20, 
2018/1/8, 46, 20, 
2018/1/9, 42, 13, 
2018/1/10, 19, 16, 
2018/1/11, 30, 13, 
2018/1/12, 17, 17, 
2018/1/13, 33, 18, 
2018/1/14, 40, 19, 
2018/1/15, 40, 20, 
2018/1/16, 46, 21, 
2018/1/17, 49, 16, 
2018/1/18, 29, 16, 
2018/1/19, 31, 15, 
2018/1/20, 28, 15, 
2018/1/21, 25, 16, 
2018/1/22, 29, 16, 
2018/1/23, 29, 17, 
2018/1/24, 35, 12, 
2018/1/25, 15, 14, 
2018/1/26, 23, 13, 
2018/1/27, 17, , 
2018/2/2, 13, 12, 
2018/2/3, 14, 11, 
2018/2/4, 13, 11, 
2018/2/5, 10, 11, 
2018/2/6, 13, 11, 
2018/2/7, 13, 12, 
2018/2/8, 15, 11, 
2018/2/9, 12, 14, 
2018/2/10, 22, 16, 
2018/2/11, 31, 16, 
2018/2/12, 31, 16, 
2018/2/13, 32, 12, 
2018/2/14, 16, 11, 
2018/2/15, 13, 12, 
2018/2/16, 14, 11, 
2018/2/17, 11, 11, 
2018/2/18, 11, 12, 
2018/2/19, 16, 15, 
2018/2/20, 26, 15, 
2018/2/21, 27, 17, 
2018/2/22, 35, 18, 
2018/2/23, 40, 14, 
2018/2/24, 24, 11, 
2018/2/25, 13, 12, 
2018/2/26, 13, 13, 
2018/2/27, 20, 12, 
2018/2/28, 13, 12, 
2018/3/1, 17, 12, 
2018/3/2, 13, 13, 
2018/3/3, 21, 14, 
2018/3/4, 22, 12, 
2018/3/5, 14, 14, 
2018/3/6, 20, 16, 
2018/3/7, 31, 15, 
2018/3/8, 27, 11, 
2018/3/9, 9, , 
2018/3/12, 20, , 
2018/3/13, 25, , 
2018/3/14, 16, , 
2018/3/15, 17, , 
2018/3/16, 14, , 
2018/3/17, 14, , 
2018/3/18, 10, , 
2018/3/19, 13, , 
2018/3/20, 17, , 
2018/3/21, 23, , 
2018/3/22, 18, , 
2018/3/23, 16, , 
2018/3/24, 14, , 
2018/3/25, 14, , 
2018/3/26, 12, , 
2018/3/27, 10, , 
2018/3/28, 14, , 
2018/3/29, 16, , 
2018/3/30, 15, , 
2018/3/31, 20, , 
2017/10/1, 28, 12, 19
2017/10/2, 30, 12, 
2017/10/3, 31, 12, 
2017/10/4, 31, 12, 
2017/10/5, 24, 13, 
2017/10/6, 19, 11, 
2017/10/7, 12, 11, 
2017/10/8, 10, 11, 
2017/10/9, 12, 12, 
2017/10/10, 13, 11, 
2017/10/11, 11, 13, 
2017/10/12, 17, 12, 
2017/10/13, 15, 13, 
2017/10/14, 20, 14, 
2017/10/15, 23, 20, 
2017/10/16, 45, 17, 
2017/10/17, 33, 27, 
2017/10/18, 60, 14, 
2017/10/19, 24, 11, 
2017/10/20, 12, 15, 
2017/10/21, 25, 14, 
2017/10/22, 23, 15, 
2017/10/23, 25, 16, 
2017/10/24, 30, 16, 
2017/10/25, 29, 16, 
2017/10/26, 31, 19, 
2017/10/27, 43, 21, 
2017/10/28, 50, 29, 
2017/10/29, 69, 14, 
2017/10/30, 25, 16, 
2017/10/31, 31, 13, 
2017/11/1, 20, 13, 
2017/11/2, 20, 13, 
2017/11/3, 19, 17, 
2017/11/4, 34, 16, 
2017/11/5, 31, 21, 
2017/11/6, 46, 25, 
2017/11/7, 58, , 
2017/11/9, 39, 19, 
2017/11/10, 42, 19, 
2017/11/11, 41, 24, 
2017/11/12, 56, 19, 
2017/11/13, 39, 13, 
2017/11/14, 18, 13, 
2017/11/15, 18, 13, 
2017/11/16, 22, 13, 
2017/11/17, 19, 17, 
2017/11/18, 36, 25, 
2017/11/19, 55, 17, 
2017/11/20, 33, 17, 
2017/11/21, 35, 24, 
2017/11/22, 56, 19, 
2017/11/23, 39, 12, 
2017/11/24, 15, 17, 
2017/11/25, 34, 16, 
2017/11/26, 31, 14, 
2017/11/27, 21, 17, 
2017/11/28, 35, 13, 
2017/11/29, 20, 18, 
2017/11/30, 40, 22, 
2017/12/1, 48, 27, 
2017/12/2, 61, 11, 
2017/12/3, 12, 13, 
2017/12/4, 18, 16, 
2017/12/5, 31, 19, 
2017/12/6, 48, 23, 
2017/12/7, 57, 19, 
2017/12/8, 42, 20, 
2017/12/9, 48, 19, 
2017/12/10, 44, 18, 
2017/12/11, 41, 20, 
2017/12/12, 46, 22, 
2017/12/13, 53, 19, 
2017/12/14, 41, 19, 
2017/12/15, 41, 13, 
2017/12/16, 19, 16, 
2017/12/17, 29, 13, 
2017/12/18, 19, 17, 
2017/12/19, 32, 12, 
2017/12/20, 14, 15, 
2017/12/21, 25, 13, 
2017/12/22, 19, 15, 
2017/12/23, 28, 16, 
2017/12/24, 33, 19, 
2017/12/25, 40, 21, 
2017/12/26, 51, 25, 
2017/12/27, 60, 34, 
2017/12/28, 78, 37, 
2017/12/29, 84, 14, 
2017/12/30, 21, 13, 
2017/12/31, 21, 29, 
2017/7/1, 23, 13, 27
2017/7/2, 18, 12, 31
2017/7/3, 14, 13, 40
2017/7/4, 19, 15, 40
2017/7/5, 27, 15, 33
2017/7/6, 28, 14, 29
2017/7/7, 31, 14, 37
2017/7/8, 36, 12, 26
2017/7/9, 32, 12, 31
2017/7/10, 29, 12, 29
2017/7/11, 30, 13, 39
2017/7/12, 33, 13, 33
2017/7/13, 33, 14, 43
2017/7/14, 35, 13, 30
2017/7/15, 34, 12, 25
2017/7/16, 30, 12, 33
2017/7/17, 31, 13, 39
2017/7/18, 33, 12, 33
2017/7/19, 31, 12, 28
2017/7/20, 32, 14, 36
2017/7/21, 36, 13, 26
2017/7/22, 33, 13, 30
2017/7/23, 34, 14, 41
2017/7/24, 38, 15, 44
2017/7/25, 40, 14, 34
2017/7/26, 36, 12, 25
2017/7/27, 29, 12, 37
2017/7/28, 30, 13, 33
2017/7/29, 34, 12, 26
2017/7/30, 31, 12, 43
2017/7/31, 31, 15, 47
2017/8/1, 39, 43, 60
2017/8/2, 97, 57, 53
2017/8/3, 122, 48, 56
2017/8/4, 102, 19, 42
2017/8/5, 46, 22, 44
2017/8/6, 54, 37, 55
2017/8/7, 78, 40, 59
2017/8/8, 83, 41, 63
2017/8/9, 85, 47, 56
2017/8/10, 94, 46, 57
2017/8/11, 92, 23, 36
2017/8/12, 57, 12, 17
2017/8/13, 31, 13, 15
2017/8/14, 33, 13, 23
2017/8/15, 35, , 8
2017/8/16, 36, 12, 6
2017/8/17, 29, , 23
2017/8/18, 31, , 32
2017/8/19, 32, , 31
2017/8/20, 38, 15, 34
2017/8/21, 40, 20, 40
2017/8/22, 50, 19, 28
2017/8/23, 47, 12, 31
2017/8/24, 30, 12, 35
2017/8/25, 32, 16, 42
2017/8/26, 41, 23, 44
2017/8/27, 57, 26, 44
2017/8/28, 62, 46, 53
2017/8/29, 94, 19, 33
2017/8/30, 46, 12, 26
2017/8/31, 30, 13, 40
2017/9/1, 34, 19, 53
2017/9/2, 50, 64, 39
2017/9/3, 133, 70, 38
2017/9/4, 144, 58, 34
2017/9/5, 108, , 
2017/9/9, 99, 70, 35
2017/9/10, 118, 58, 40
2017/9/11, 118, 59, 39
2017/9/12, 115, 93, 39
2017/9/13, 162, 85, 32
2017/9/14, 147, 128, 32
2017/9/15, 191, 32, 29
2017/9/16, 70, 49, 30
2017/9/17, 101, 14, 25
2017/9/18, 36, 11, 25
2017/9/19, 29, 11, 28
2017/9/20, 28, 12, 23
2017/9/21, 30, 14, 20
2017/9/22, 36, 14, 26
2017/9/23, 37, 14, 23
2017/9/24, 38, 13, 25
2017/9/25, 34, 12, 22
2017/9/26, 31, 13, 30
2017/9/27, 35, 15, 30
2017/9/28, 40, 14, 26
2017/9/29, 36, 12, 29
2017/9/30, 30, 11, 28
2017/6/9, 13, 11, 
2017/6/10, 11, 12, 
2017/6/11, 13, 12, 2
2017/6/12, 14, , 
2017/6/15, 24, 12, 2
2017/6/16, 14, 12, 
2017/6/17, 14, 11, 
2017/6/18, 12, 12, 
2017/6/19, 16, 12, 
2017/6/20, 14, 12, 
2017/6/21, 15, 13, 
2017/6/22, 18, 13, 
2017/6/23, 18, 13, 
2017/6/24, 20, 13, 
2017/6/25, 21, , 
2017/1/2, 22, 13, 
2017/1/3, 19, 13, 
2017/1/4, 20, 15, 
2017/1/5, 28, 18, 
2017/1/6, 37, 25, 
2017/1/7, 60, 23, 
2017/1/8, 55, 23, 
2017/1/9, 55, 22, 
2017/1/10, 49, 13, 
2017/1/11, 21, 20, 
2017/1/12, 45, 26, 
2017/1/13, 61, 32, 
2017/1/14, 73, 30, 
2017/1/15, 68, 22, 
2017/1/16, 52, 30, 
2017/1/17, 68, 35, 
2017/1/18, 79, 38, 
2017/1/19, 84, 33, 
2017/1/20, 75, 30, 
2017/1/21, 68, 26, 
2017/1/22, 60, 26, 
2017/1/23, 60, 18, 
2017/1/24, 36, 21, 
2017/1/25, 50, 29, 
2017/1/26, 67, 21, 
2017/1/27, 46, 19, 
2017/1/28, 43, 23, 
2017/1/29, 55, 26, 
2017/1/30, 61, 28, 
2017/1/31, 65, 18, 
2017/2/1, 37, 17, 
2017/2/2, 35, 20, 
2017/2/3, 46, 31, 
2017/2/4, 70, 33, 
2017/2/5, 74, 15, 
2017/2/6, 23, 16, 
2017/2/7, 31, 21, 
2017/2/8, 47, 23, 
2017/2/9, 52, 17, 
2017/2/10, 32, 13, 
2017/2/11, 17, 17, 
2017/2/12, 36, 22, 
2017/2/13, 52, 29, 
2017/2/14, 67, 39, 
2017/2/15, 87, 41, 
2017/2/16, 93, 15, 
2017/2/17, 28, 22, 
2017/2/18, 52, 23, 
2017/2/19, 52, 16, 
2017/2/20, 29, 13, 
2017/2/21, 17, 12, 
2017/2/22, 17, 12, 
2017/2/23, 15, 14, 
2017/2/24, 24, 14, 
2017/2/25, 25, 13, 
2017/2/26, 19, 13, 
2017/2/27, 17, 12, 
2017/2/28, 14, 12, 
2017/3/1, 15, 14, 
2017/3/2, 24, 14, 
2017/3/3, 22, 12, 
2017/3/4, 14, 11, 
2017/3/5, 13, 12, 
2017/3/6, 13, 15, 
2017/3/7, 28, 12, 
2017/3/8, 13, 18, 
2017/3/9, 39, 14, 
2017/3/10, 21, 14, 
2017/3/11, 24, 13, 
2017/3/12, 18, , 
2017/3/13, 33, 16, 
2017/3/14, 35, 15, 
2017/3/15, 26, 12, 
2017/3/16, 15, 16, 
2017/3/17, 30, 22, 
2017/3/18, 33, , 
2017/3/19, 20, 13, 
2017/3/20, 25, 17, 
2017/3/21, 37, 21, 
2017/3/22, 31, 13, 
2017/3/23, 16, 13, 
2017/3/24, 19, 12, 
2017/3/25, 15, 13, 
2017/3/26, 20, 13, 
2017/3/27, 18, 12, 
2017/3/28, 16, 14, 
2017/3/29, 22, 11, 
2017/3/30, 11, 13, 
2017/3/31, 18, 13, 
2017/4/1, 18, 13, 
2017/4/2, 18, , 
2016/10/1, 33, 11, 30
2016/10/2, 28, 11, 27
2016/10/3, 28, 11, 11
2016/10/4, 13, 12, 
2016/10/5, 14, 12, 
2016/10/6, 15, 12, 
2016/10/7, 17, 13, 
2016/10/8, 20, 12, 
2016/10/9, 13, 12, 
2016/10/10, 14, 14, 
2016/10/11, 24, 14, 
2016/10/12, 24, 24, 
2016/10/13, 52, 14, 
2016/10/14, 22, 12, 
2016/10/15, 16, 13, 
2016/10/16, 17, 13, 
2016/10/17, 18, 15, 
2016/10/18, 28, 18, 
2016/10/19, 37, 18, 
2016/10/20, 37, 21, 
2016/10/21, 49, , 
2016/10/23, 34, 18, 
2016/10/24, 40, 18, 
2016/10/25, 41, 19, 
2016/10/26, 44, 13, 
2016/10/27, 18, 15, 
2016/10/28, 28, 18, 
2016/10/29, 38, 20, 
2016/10/30, 49, 14, 
2016/10/31, 25, 15, 
2016/11/1, 27, 16, 
2016/11/2, 33, 17, 
2016/11/3, 34, 19, 
2016/11/4, 42, 27, 
2016/11/5, 63, 14, 
2016/11/6, 23, 14, 
2016/11/7, 23, 15, 
2016/11/8, 28, 17, 
2016/11/9, 35, 22, 
2016/11/10, 48, 30, 
2016/11/11, 69, 29, 
2016/11/12, 63, 19, 
2016/11/13, 41, 17, 
2016/11/14, 34, 14, 
2016/11/15, 21, 12, 
2016/11/16, 14, 13, 
2016/11/17, 21, 18, 
2016/11/18, 38, 20, 
2016/11/19, 45, 22, 
2016/11/20, 51, 19, 
2016/11/21, 39, 16, 
2016/11/22, 33, 14, 
2016/11/23, 22, 14, 
2016/11/24, 23, 15, 
2016/11/25, 25, 21, 
2016/11/26, 47, 13, 
2016/11/27, 18, 11, 
2016/11/28, 11, 14, 
2016/11/29, 21, 14, 
2016/11/30, 22, 13, 
2016/12/1, 19, 15, 
2016/12/2, 26, 13, 
2016/12/3, 18, 12, 
2016/12/4, 14, 14, 
2016/12/5, 22, 15, 
2016/12/6, 27, 16, 
2016/12/7, 31, 16, 
2016/12/8, 31, 20, 
2016/12/9, 46, 22, 
2016/12/10, 50, 23, 
2016/12/11, 53, 16, 
2016/12/12, 31, 17, 
2016/12/13, 33, 16, 
2016/12/14, 31, 21, 
2016/12/15, 48, 23, 
2016/12/16, 54, 22, 
2016/12/17, 50, 32, 
2016/12/18, 73, 34, 
2016/12/19, 76, 22, 
2016/12/20, 47, 19, 
2016/12/21, 40, 21, 
2016/12/22, 48, 24, 
2016/12/23, 57, 13, 
2016/12/24, 17, 14, 
2016/12/25, 24, 22, 
2016/12/26, 50, 18, 
2016/12/27, 36, 13, 
2016/12/28, 20, 18, 
2016/12/29, 38, 14, 
2016/12/30, 21, 15, 
2016/12/31, 26, 15, 
2017/1/1, 26, 14, 
2016/7/1, 15, 11, 32
2016/7/2, 15, 16, 25
2016/7/3, 38, 12, 23
2016/7/4, 31, 12, 27
2016/7/5, 31, 11, 31
2016/7/6, 29, 12, 23
2016/7/7, 32, 12, 22
2016/7/8, 30, 11, 26
2016/7/9, 28, 11, 26
2016/7/10, 28, 12, 24
2016/7/11, 30, 12, 23
2016/7/12, 32, 12, 20
2016/7/13, 30, 13, 33
2016/7/14, 33, , 
2016/7/20, 34, 14, 47
2016/7/21, 36, 11, 32
2016/7/22, 29, 12, 25
2016/7/23, 30, 12, 34
2016/7/24, 31, 14, 39
2016/7/25, 36, 13, 26
2016/7/26, 33, 14, 30
2016/7/27, 36, 14, 39
2016/7/28, 37, 14, 43
2016/7/29, 37, 13, 33
2016/7/30, 33, 12, 23
2016/7/31, 31, 12, 29
2016/8/1, 32, 12, 27
2016/8/2, 29, 12, 29
2016/8/3, 31, 14, 41
2016/8/4, 36, 14, 36
2016/8/5, 36, 12, 28
2016/8/6, 32, 13, 26
2016/8/7, 32, 12, 28
2016/8/8, 29, , 27
2016/8/12, 32, 17, 48
2016/8/13, 42, 14, 33
2016/8/14, 36, 13, 32
2016/8/15, 33, 13, 32
2016/8/16, 34, 14, 33
2016/8/17, 35, 15, 40
2016/8/18, 40, 14, 31
2016/8/19, 39, 14, 41
2016/8/20, 38, 14, 27
2016/8/21, 35, 12, 28
2016/8/22, 32, 13, 32
2016/8/23, 34, 13, 32
2016/8/24, 35, 13, 33
2016/8/25, 35, 14, 37
2016/8/26, 39, 14, 32
2016/8/27, 37, 11, 28
2016/8/28, 28, 13, 39
2016/8/29, 34, 13, 24
2016/8/30, 33, 12, 21
2016/8/31, 31, 12, 22
2016/9/1, 32, 12, 23
2016/9/2, 30, 11, 26
2016/9/3, 28, 12, 29
2016/9/4, 30, 12, 28
2016/9/5, 30, 12, 17
2016/9/6, 30, 11, 26
2016/9/7, 29, 11, 29
2016/9/8, 29, 12, 28
2016/9/9, 32, 11, 25
2016/9/10, 29, 12, 31
2016/9/11, 31, 12, 24
2016/9/12, 30, 12, 24
2016/9/13, 29, , 39
2016/9/14, 31, , 35
2016/9/15, 36, 13, 30
2016/9/16, 34, 12, 23
2016/9/17, 30, 11, 29
2016/9/18, 28, 12, 24
2016/9/19, 32, 12, 29
2016/9/20, 32, 11, 28
2016/9/21, 25, 11, 26
2016/9/22, 28, , 23
2016/9/23, 30, , 25
2016/9/24, 31, , 17
2016/9/25, 31, 12, 31
2016/9/26, 32, 12, 28
2016/9/27, 31, 13, 27
2016/9/28, 33, 14, 30
2016/9/29, 38, 17, 33
2016/9/30, 45, 13, 29
2016/4/1, 22, 14, 
2016/4/2, 21, 15, 
2016/4/3, 25, 11, 
2016/4/4, 11, 11, 
2016/4/5, 13, 12, 
2016/4/6, 16, 13, 
2016/4/7, 19, 13, 
2016/4/8, 20, 14, 
2016/4/9, 23, 14, 
2016/4/10, 23, 14, 
2016/4/11, 22, 12, 
2016/4/12, 17, 12, 
2016/4/13, 14, 11, 
2016/4/14, 11, 12, 
2016/4/15, 13, 12, 
2016/4/16, 16, 12, 
2016/4/17, 16, 13, 
2016/4/18, 20, 14, 
2016/4/19, 24, 15, 
2016/4/20, 27, 13, 
2016/4/21, 19, 11, 
2016/4/22, 12, , 
2016/4/25, 14, 12, 
2016/4/26, 15, 12, 
2016/4/27, 16, , 
2016/4/28, 19, , 
2016/4/29, 13, , 
2016/4/30, 14, , 
2016/5/1, 17, , 
2016/5/2, 15, 13, 
2016/5/3, 19, 14, 23
2016/5/4, 24, 14, 27
2016/5/5, 20, 14, 37
2016/5/6, 22, 14, 42
2016/5/7, 22, 12, 42
2016/5/8, 14, 12, 35
2016/5/9, 13, 12, 36
2016/5/10, 14, 13, 35
2016/5/11, 17, 13, 51
2016/5/12, 21, 13, 41
2016/5/13, 20, 12, 25
2016/5/14, 16, 11, 27
2016/5/15, 10, 11, 30
2016/5/16, 13, 13, 32
2016/5/17, 19, 13, 33
2016/5/18, 21, 11, 36
2016/5/19, 9, 11, 33
2016/5/20, 11, 11, 25
2016/5/21, 13, 11, 28
2016/5/22, 10, 11, 30
2016/5/23, 11, 12, 28
2016/5/24, 14, 13, 30
2016/5/25, 17, 13, 41
2016/5/26, 18, 11, 40
2016/5/27, 13, 12, 37
2016/5/28, 18, 13, 39
2016/5/29, 18, 13, 41
2016/5/30, 18, 13, 45
2016/5/31, 19, 14, 41
2016/6/1, 19, 12, 32
2016/6/2, 13, 12, 28
2016/6/3, 14, 12, 43
2016/6/4, 16, 13, 44
2016/6/5, 21, 16, 45
2016/6/6, 30, 14, 43
2016/6/7, 25, 13, 39
2016/6/8, 21, 14, 32
2016/6/9, 22, 11, 32
2016/6/10, 11, 11, 33
2016/6/11, 11, 12, 32
2016/6/12, 13, 12, 31
2016/6/13, 13, 11, 29
2016/6/14, 9, 11, 29
2016/6/15, 12, 11, 30
2016/6/16, 11, 12, 29
2016/6/17, 15, 11, 29
2016/6/18, 12, 11, 32
2016/6/19, 11, 11, 41
2016/6/20, 12, , 29
2016/6/22, 15, 11, 26
2016/6/23, 11, 11, 27
2016/6/24, 11, 11, 27
2016/6/25, 13, 12, 36
2016/6/26, 15, 13, 42
2016/6/27, 17, , 40
2016/6/29, 19, 12, 28
2016/6/30, 15, 12, 27
2016/1/4, 53, 29, 
2016/1/5, 67, 33, 
2016/1/6, 75, 31, 
2016/1/7, 71, 19, 
2016/1/8, 42, 19, 
2016/1/9, 44, 18, 
2016/1/10, 40, 16, 
2016/1/11, 29, 24, 
2016/1/12, 57, 19, 
2016/1/13, 37, 13, 
2016/1/14, 19, 14, 
2016/1/15, 21, 18, 
2016/1/16, 39, 16, 
2016/1/17, 33, 19, 
2016/1/18, 43, 18, 
2016/1/19, 37, 13, 
2016/1/20, 17, 16, 
2016/1/21, 33, 16, 
2016/1/22, 32, 14, 
2016/1/23, 25, 11, 
2016/1/24, 12, 13, 
2016/1/25, 18, 21, 
2016/1/26, 46, 26, 
2016/1/27, 61, 22, 
2016/1/28, 45, 12, 
2016/1/29, 15, 12, 
2016/1/30, 15, 12, 
2016/1/31, 16, 12, 
2016/2/1, 16, 15, 
2016/2/2, 28, 19, 
2016/2/3, 42, 20, 
2016/2/4, 45, 17, 
2016/2/5, 35, 13, 
2016/2/6, 21, 16, 
2016/2/7, 32, 16, 
2016/2/8, 32, 17, 
2016/2/9, 34, 23, 
2016/2/10, 52, 28, 
2016/2/11, 64, 29, 
2016/2/12, 65, 13, 
2016/2/13, 20, 12, 
2016/2/14, 17, 11, 
2016/2/15, 11, 11, 
2016/2/16, 13, 13, 
2016/2/17, 20, 12, 
2016/2/18, 17, 13, 
2016/2/19, 20, 13, 
2016/2/20, 20, 17, 
2016/2/21, 33, 14, 
2016/2/22, 23, 13, 
2016/2/23, 17, 14, 
2016/2/24, 24, 16, 
2016/2/25, 31, 21, 
2016/2/26, 48, 20, 
2016/2/27, 38, 12, 
2016/2/28, 17, 13, 
2016/2/29, 18, 15, 
2016/3/1, 25, 13, 
2016/3/2, 18, 12, 
2016/3/3, 17, 14, 
2016/3/4, 21, 14, 
2016/3/5, 24, 12, 
2016/3/6, 13, 11, 
2016/3/7, 12, 15, 
2016/3/8, 28, 15, 
2016/3/9, 27, 13, 
2016/3/10, 18, 14, 
2016/3/11, 22, 14, 
2016/3/12, 24, 12, 
2016/3/13, 13, 11, 
2016/3/14, 11, 11, 
2016/3/15, 11, 12, 
2016/3/16, 17, 12, 
2016/3/17, 14, 12, 
2016/3/18, 15, , 
2016/3/19, 22, , 
2016/3/20, 32, 12, 
2016/3/21, 25, 11, 
2016/3/22, 9, 11, 
2016/3/23, 12, 11, 
2016/3/24, 11, , 
2016/3/31, 20, 14, 
2015/10/1, 38, 13, 
2015/10/2, 35, 13, 
2015/10/3, 33, 15, 
2015/10/4, 41, 15, 
2015/10/5, 31, 16, 
2015/10/6, 33, 16, 
2015/10/7, 33, 21, 
2015/10/8, 47, 20, 
2015/10/9, 44, 12, 
2015/10/10, 17, 11, 
2015/10/11, 11, 12, 
2015/10/12, 14, 12, 
2015/10/13, 14, 12, 
2015/10/14, 15, 13, 
2015/10/15, 17, 13, 
2015/10/16, 21, 16, 
2015/10/17, 31, 13, 
2015/10/18, 19, 12, 
2015/10/19, 14, 11, 
2015/10/20, 10, 12, 
2015/10/21, 15, 12, 
2015/10/22, 17, 13, 
2015/10/23, 21, 16, 
2015/10/24, 31, 18, 
2015/10/25, 41, 13, 
2015/10/26, 22, 13, 
2015/10/27, 18, 16, 
2015/10/28, 32, 14, 
2015/10/29, 21, 13, 
2015/10/30, 17, 12, 
2015/10/31, 14, 12, 
2015/11/1, 15, 12, 
2015/11/2, 13, 12, 
2015/11/3, 16, 13, 
2015/11/4, 17, , 
2015/11/6, 36, 27, 
2015/11/7, 64, 21, 
2015/11/8, 44, 14, 
2015/11/9, 21, 19, 
2015/11/10, 41, 16, 
2015/11/11, 31, 19, 
2015/11/12, 43, 19, 
2015/11/13, 41, 16, 
2015/11/14, 31, 13, 
2015/11/15, 20, 12, 
2015/11/16, 16, 14, 
2015/11/17, 22, 12, 
2015/11/18, 16, 14, 
2015/11/19, 22, 17, 
2015/11/20, 34, 23, 
2015/11/21, 54, 26, 
2015/11/22, 60, 21, 
2015/11/23, 50, 24, 
2015/11/24, 57, 16, 
2015/11/25, 32, 15, 
2015/11/26, 28, , 
2015/11/28, 59, 25, 
2015/11/29, 59, 25, 
2015/11/30, 59, 31, 
2015/12/1, 72, 25, 
2015/12/2, 59, 30, 
2015/12/3, 69, 22, 
2015/12/4, 46, 22, 
2015/12/5, 50, 19, 
2015/12/6, 43, 14, 
2015/12/7, 20, , 
2015/12/8, 19, 11, 
2015/12/9, 12, , 
2015/12/10, 16, , 
2015/12/11, 22, , 
2015/12/12, 18, , 
2015/12/13, 13, , 
2015/12/14, 11, , 
2015/12/15, 14, , 
2015/12/16, 16, , 
2015/12/17, 26, 21, 
2015/12/18, 42, 18, 
2015/12/19, 39, 16, 
2015/12/20, 30, 12, 
2015/12/21, 14, 11, 
2015/12/22, 12, 11, 
2015/12/23, 13, 12, 
2015/12/24, 14, 12, 
2015/12/25, 14, 16, 
2015/12/26, 28, 22, 
2015/12/27, 53, 24, 
2015/12/28, 57, 26, 
2015/12/29, 60, 21, 
2015/12/30, 49, 16, 
2015/12/31, 30, , 
2016/1/3, 40, 22, 
2015/7/1, 39, 16, 
2015/7/2, 42, 16, 
2015/7/3, 41, 14, 
2015/7/4, 37, 17, 
2015/7/5, 46, 14, 
2015/7/6, 38, 13, 
2015/7/7, 33, 17, 
2015/7/8, 44, 25, 
2015/7/9, 60, 16, 
2015/7/10, 42, 15, 
2015/7/11, 41, 12, 
2015/7/12, 31, 12, 
2015/7/13, 32, 12, 
2015/7/14, 30, 13, 
2015/7/15, 32, 12, 
2015/7/16, 31, 13, 
2015/7/17, 31, , 
2015/7/18, 33, , 
2015/7/19, 38, , 
2015/7/20, 32, 12, 
2015/7/21, 31, 12, 
2015/7/22, 32, 12, 
2015/7/23, 30, 13, 
2015/7/24, 33, 12, 
2015/7/25, 32, 11, 
2015/7/26, 29, 11, 
2015/7/27, 28, 12, 
2015/7/28, 31, , 
2015/7/29, 31, 13, 
2015/7/30, 34, 13, 
2015/7/31, 35, 13, 
2015/8/1, 33, 17, 
2015/8/2, 44, 15, 
2015/8/3, 41, 12, 
2015/8/4, 30, 12, 
2015/8/5, 31, 12, 
2015/8/6, 31, 13, 
2015/8/7, 34, 12, 
2015/8/8, 31, 11, 
2015/8/9, 29, 15, 
2015/8/10, 39, 21, 
2015/8/11, 53, 22, 
2015/8/12, 56, 25, 
2015/8/13, 60, 20, 
2015/8/14, 52, 16, 
2015/8/15, 43, 32, 
2015/8/16, 71, 41, 
2015/8/17, 84, 38, 
2015/8/18, 81, 44, 
2015/8/19, 95, 15, 
2015/8/20, 40, 12, 
2015/8/21, 30, 56, 
2015/8/22, 105, 61, 
2015/8/23, 131, 40, 
2015/8/24, 88, 18, 
2015/8/25, 47, 30, 
2015/8/26, 70, 19, 
2015/8/27, 50, 15, 
2015/8/28, 40, 13, 
2015/8/29, 33, 12, 
2015/8/30, 30, 13, 
2015/8/31, 33, 13, 
2015/9/1, 33, 11, 
2015/9/2, 29, 11, 
2015/9/3, 29, 11, 
2015/9/4, 28, 12, 
2015/9/5, 30, 11, 
2015/9/6, 28, 12, 
2015/9/7, 31, 12, 
2015/9/8, 31, 12, 
2015/9/9, 29, 12, 
2015/9/10, 33, 14, 
2015/9/11, 38, 16, 
2015/9/12, 43, 13, 
2015/9/13, 33, 12, 
2015/9/14, 29, 12, 
2015/9/15, 29, 12, 
2015/9/16, 30, 11, 
2015/9/17, 28, 12, 
2015/9/18, 29, 12, 
2015/9/19, 29, 12, 
2015/9/20, 31, 11, 
2015/9/21, 28, 12, 
2015/9/22, 29, 12, 
2015/9/23, 30, 13, 
2015/9/24, 33, 12, 
2015/9/25, 32, 12, 
2015/9/26, 29, 12, 
2015/9/27, 30, 13, 
2015/9/28, 34, 14, 
2015/9/29, 37, 16, 
2015/9/30, 41, 14, 
2015/4/1, 10, 11, 
2015/4/2, 11, 13, 
2015/4/3, 18, 12, 
2015/4/4, 15, 12, 
2015/4/5, 15, 11, 
2015/4/6, 11, 11, 
2015/4/7, 10, 11, 
2015/4/8, 10, 11, 
2015/4/9, 10, 11, 
2015/4/10, 13, 10, 
2015/4/11, 8, 11, 
2015/4/12, 11, 11, 
2015/4/13, 13, 10, 
2015/4/14, 8, 10, 
2015/4/15, 9, 11, 
2015/4/16, 10, 11, 
2015/4/17, 11, 12, 
2015/4/18, 17, 13, 
2015/4/19, 21, 14, 
2015/4/20, 24, 13, 
2015/4/21, 21, , 
2015/4/23, 13, , 
2015/4/24, 7, , 
2015/4/25, 7, , 
2015/4/26, 10, , 
2015/4/27, 10, 11, 
2015/4/28, 12, 10, 
2015/4/29, 9, 12, 
2015/4/30, 16, 14, 
2015/5/1, 23, 12, 
2015/5/2, 16, 12, 
2015/5/3, 18, 13, 
2015/5/4, 19, 11, 
2015/5/5, 11, 10, 
2015/5/6, 7, 10, 
2015/5/7, 9, 12, 
2015/5/8, 15, 13, 
2015/5/9, 21, 13, 
2015/5/10, 20, 10, 
2015/5/11, 9, 10, 
2015/5/12, 8, 10, 
2015/5/13, 6, 10, 
2015/5/14, 9, 11, 
2015/5/15, 11, 11, 
2015/5/16, 10, 12, 
2015/5/17, 14, 13, 
2015/5/18, 19, 13, 
2015/5/19, 17, , 
2015/5/20, 17, , 
2015/5/21, 24, , 
2015/5/22, 18, , 
2015/5/23, 13, , 
2015/5/24, 11, , 
2015/5/25, 17, 12, 
2015/5/26, 16, 12, 
2015/5/27, 16, 13, 
2015/5/28, 19, 14, 
2015/5/29, 24, 13, 
2015/5/30, 21, 13, 
2015/5/31, 17, 12, 
2015/6/1, 14, 10, 
2015/6/2, 6, , 
2015/6/3, 6, 10, 
2015/6/4, 10, 11, 
2015/6/5, 13, 12, 
2015/6/6, 17, 13, 
2015/6/7, 20, 14, 
2015/6/8, 24, 12, 
2015/6/9, 17, 12, 
2015/6/10, 17, 12, 
2015/6/11, 17, 11, 
2015/6/12, 11, 11, 
2015/6/13, 13, 12, 
2015/6/14, 15, 12, 
2015/6/15, 16, 13, 
2015/6/16, 18, , 
2015/6/17, 21, , 
2015/6/18, 28, 10, 
2015/6/19, 26, 11, 
2015/6/20, 27, 89, 
2015/6/21, 149, 69, 
2015/6/22, 118, 14, 
2015/6/23, 36, 12, 
2015/6/24, 31, 12, 
2015/6/25, 30, 13, 
2015/6/26, 35, 17, 
2015/6/27, 45, 19, 
2015/6/28, 51, 17, 
2015/6/29, 45, 15, 
2015/6/30, 39, 15, 
2015/1/1, 40, 21, 
2015/1/2, 50, 26, 
2015/1/3, 61, 35, 
2015/1/4, 78, 19, 
2015/1/5, 35, 17, 
2015/1/6, 36, 19, 
2015/1/7, 44, 18, 
2015/1/8, 38, , 
2015/1/15, 29, 13, 
2015/1/16, 32, 16, 
2015/1/17, 35, 12, 
2015/1/18, 19, 12, 
2015/1/19, 15, 14, 
2015/1/20, 25, , 
2015/1/25, 26, 15, 
2015/1/26, 27, 13, 
2015/1/27, 18, , 
2015/1/28, 13, , 
2015/1/29, 17, 13, 
2015/1/30, 21, 12, 
2015/1/31, 17, 15, 
2015/2/1, 26, 12, 
2015/2/2, 15, 18, 
2015/2/3, 39, 17, 
2015/2/4, 36, 18, 
2015/2/5, 40, 23, 
2015/2/6, 54, 12, 
2015/2/7, 15, 12, 
2015/2/8, 16, 16, 
2015/2/9, 30, 11, 
2015/2/10, 12, 15, 
2015/2/11, 26, 17, 
2015/2/12, 35, 21, 
2015/2/13, 47, 14, 
2015/2/14, 23, 12, 
2015/2/15, 17, 66, 
2015/2/16, 118, 119, 
2015/2/17, 211, , 
2015/2/18, 19, , 
2015/2/19, 17, , 
2015/2/20, 8, 11, 
2015/2/21, 13, 12, 
2015/2/22, 14, 13, 
2015/2/23, 21, 13, 
2015/2/24, 20, 11, 
2015/2/25, 11, 11, 
2015/2/26, 11, 12, 
2015/2/27, 16, 13, 
2015/2/28, 19, 14, 
2015/3/1, 23, 15, 
2015/3/2, 26, 13, 
2015/3/3, 19, 13, 
2015/3/4, 21, 15, 
2015/3/5, 27, 14, 
2015/3/6, 23, 13, 
2015/3/7, 21, 14, 
2015/3/8, 26, , 
2015/3/9, 23, , 
2015/3/10, 28, , 
2015/3/11, 18, 10, 
2015/3/12, 10, 12, 
2015/3/13, 15, 13, 
2015/3/14, 18, 13, 
2015/3/15, 20, 11, 
2015/3/16, 10, 12, 
2015/3/17, 14, , 
2015/3/18, 10, 12, 
2015/3/19, 14, 15, 
2015/3/20, 27, 10, 
2015/3/21, 9, 12, 
2015/3/22, 14, 11, 
2015/3/23, 11, 10, 
2015/3/24, 7, 13, 
2015/3/25, 17, 13, 
2015/3/26, 20, 12, 
2015/3/27, 16, 10, 
2015/3/28, 8, 11, 
2015/3/29, 12, 12, 
2015/3/30, 14, 10, 
2015/3/31, 7, 11, 
2014/10/1, 13, 13, 
2014/10/2, 18, 13, 
2014/10/3, 19, 13, 
2014/10/4, 18, 11, 
2014/10/5, 13, 12, 
2014/10/6, 15, 12, 
2014/10/7, 16, 11, 
2014/10/8, 13, 12, 
2014/10/9, 16, 15, 
2014/10/10, 26, 12, 
2014/10/11, 15, 11, 
2014/10/12, 12, 12, 
2014/10/13, 14, 11, 
2014/10/14, 11, 13, 
2014/10/15, 19, 11, 
2014/10/16, 9, 11, 
2014/10/17, 13, 14, 
2014/10/18, 22, 15, 
2014/10/19, 27, 14, 
2014/10/20, 22, 14, 
2014/10/21, 23, 16, 
2014/10/22, 32, 11, 
2014/10/23, 11, 17, 
2014/10/24, 35, 18, 
2014/10/25, 39, 10, 
2014/10/26, 9, 11, 
2014/10/27, 11, 14, 
2014/10/28, 25, 17, 
2014/10/29, 36, 23, 
2014/10/30, 53, 15, 
2014/10/31, 27, 12, 
2014/11/1, 16, 11, 
2014/11/2, 12, 14, 
2014/11/3, 22, 14, 
2014/11/4, 24, 41, 
2014/11/5, 95, 37, 
2014/11/6, 79, 14, 
2014/11/7, 23, 20, 
2014/11/8, 47, 14, 
2014/11/9, 25, 12, 
2014/11/10, 15, 15, 
2014/11/11, 26, 12, 
2014/11/12, 15, 16, 
2014/11/13, 33, 18, 
2014/11/14, 40, 20, 
2014/11/15, 47, 22, 
2014/11/16, 52, 23, 
2014/11/17, 55, 25, 
2014/11/18, 58, 33, 
2014/11/19, 75, 42, 
2014/11/20, 92, 36, 
2014/11/21, 81, 14, 
2014/11/22, 22, 11, 
2014/11/23, 11, 14, 
2014/11/24, 24, 11, 
2014/11/25, 12, 14, 
2014/11/26, 23, 13, 
2014/11/27, 19, 12, 
2014/11/28, 16, 11, 
2014/11/29, 10, 15, 
2014/11/30, 26, 18, 
2014/12/1, 41, 22, 
2014/12/2, 52, 21, 
2014/12/3, 49, 23, 
2014/12/4, 55, 29, 
2014/12/5, 66, 19, 
2014/12/6, 41, 16, 
2014/12/7, 30, 17, 
2014/12/8, 34, 20, 
2014/12/9, 45, 21, 
2014/12/10, 47, 14, 
2014/12/11, 24, 11, 
2014/12/12, 11, 15, 
2014/12/13, 27, 17, 
2014/12/14, 34, 17, 
2014/12/15, 35, 20, 
2014/12/16, 47, 21, 
2014/12/17, 50, 18, 
2014/12/18, 37, 18, 
2014/12/19, 41, 15, 
2014/12/20, 29, 12, 
2014/12/21, 14, 12, 
2014/12/22, 15, 15, 
2014/12/23, 26, 12, 
2014/12/24, 16, 11, 
2014/12/25, 12, 13, 
2014/12/26, 21, 16, 
2014/12/27, 31, 11, 
2014/12/28, 10, , 
2014/7/1, 12, 13, 
2014/7/2, 17, 11, 
2014/7/3, 12, 11, 
2014/7/4, 12, 13, 
2014/7/5, 18, 11, 
2014/7/6, 13, 12, 
2014/7/7, 14, , 
2014/7/9, 16, 12, 
2014/7/10, 16, 13, 
2014/7/11, 18, 14, 
2014/7/12, 22, 18, 
2014/7/13, 40, 16, 
2014/7/14, 32, 17, 
2014/7/15, 38, 16, 
2014/7/16, 32, 12, 
2014/7/17, 15, 12, 
2014/7/18, 15, 11, 
2014/7/19, 12, 10, 
2014/7/20, 8, 11, 
2014/7/21, 9, 13, 
2014/7/22, 20, 12, 
2014/7/23, 16, 11, 
2014/7/24, 10, 11, 
2014/7/25, 10, 11, 
2014/7/26, 12, , 
2014/7/30, 17, 13, 
2014/7/31, 22, 15, 
2014/8/1, 28, 16, 
2014/8/2, 33, 17, 
2014/8/3, 36, 21, 
2014/8/4, 48, 13, 
2014/8/5, 18, 13, 
2014/8/6, 21, 13, 
2014/8/7, 20, 21, 
2014/8/8, 40, 15, 
2014/8/9, 28, 16, 
2014/8/10, 32, 24, 
2014/8/11, 56, 19, 
2014/8/12, 43, 15, 
2014/8/13, 29, 12, 
2014/8/14, 14, 15, 
2014/8/15, 26, 15, 
2014/8/16, 29, 17, 
2014/8/17, 34, 18, 
2014/8/18, 39, 16, 
2014/8/19, 30, 11, 
2014/8/20, 13, 11, 
2014/8/21, 12, 12, 
2014/8/22, 17, 14, 
2014/8/23, 22, 14, 
2014/8/24, 25, 12, 
2014/8/25, 17, 13, 
2014/8/26, 20, 15, 
2014/8/27, 29, 11, 
2014/8/28, 9, 11, 
2014/8/29, 10, 11, 
2014/8/30, 10, 11, 
2014/8/31, 12, 12, 
2014/9/1, 13, 11, 
2014/9/2, 11, 11, 
2014/9/3, 11, 11, 
2014/9/4, 11, 11, 
2014/9/5, 12, 12, 
2014/9/6, 14, 14, 
2014/9/7, 22, 13, 
2014/9/8, 19, 11, 
2014/9/9, 10, 12, 
2014/9/10, 14, 10, 
2014/9/11, 9, 12, 
2014/9/12, 14, 13, 
2014/9/13, 18, 12, 
2014/9/14, 17, 13, 
2014/9/15, 18, 25, 
2014/9/16, 54, 21, 
2014/9/17, 50, 17, 
2014/9/18, 34, 13, 
2014/9/19, 18, 11, 
2014/9/20, 13, 13, 
2014/9/21, 17, 15, 
2014/9/22, 29, 17, 
2014/9/23, 38, 13, 
2014/9/24, 21, 12, 
2014/9/25, 15, 11, 
2014/9/26, 12, 11, 
2014/9/27, 12, 11, 
2014/9/28, 13, 12, 
2014/9/29, 14, 10, 
2014/9/30, 9, 11, 
2014/4/1, 11, 11, 
2014/4/2, 11, 12, 
2014/4/3, 18, 11, 
2014/4/4, 12, 12, 
2014/4/5, 15, 11, 
2014/4/6, 10, 13, 
2014/4/7, 19, 12, 
2014/4/8, 16, 10, 
2014/4/9, 9, 12, 
2014/4/10, 13, 12, 
2014/4/11, 16, 12, 
2014/4/12, 15, 13, 
2014/4/13, 18, 12, 
2014/4/14, 15, 11, 
2014/4/15, 12, 12, 
2014/4/16, 17, 15, 
2014/4/17, 27, 11, 
2014/4/18, 11, 12, 
2014/4/19, 16, 12, 
2014/4/20, 17, 14, 
2014/4/21, 23, 11, 
2014/4/22, 11, 11, 
2014/4/23, 13, 11, 
2014/4/24, 12, 11, 
2014/4/25, 9, 10, 
2014/4/26, 9, 10, 
2014/4/27, 9, 11, 
2014/4/28, 13, 12, 
2014/4/29, 16, 12, 
2014/4/30, 15, 12, 
2014/5/1, 17, 13, 
2014/5/2, 18, 11, 
2014/5/3, 10, 10, 
2014/5/4, 7, 10, 
2014/5/5, 9, 11, 
2014/5/6, 11, 12, 
2014/5/7, 17, 15, 
2014/5/8, 27, 10, 
2014/5/9, 7, 10, 
2014/5/10, 7, 10, 
2014/5/11, 8, , 
2014/5/15, 27, 14, 
2014/5/16, 23, 13, 
2014/5/17, 19, 11, 
2014/5/18, 11, 10, 
2014/5/19, 9, 11, 
2014/5/20, 13, 13, 
2014/5/21, 20, 13, 
2014/5/22, 17, 12, 
2014/5/23, 16, 11, 
2014/5/24, 11, 12, 
2014/5/25, 15, , 
2014/5/28, 11, 12, 
2014/5/29, 13, 13, 
2014/5/30, 19, 14, 
2014/5/31, 24, 14, 
2014/6/1, 22, 14, 
2014/6/2, 24, 13, 
2014/6/3, 20, 13, 
2014/6/4, 21, 13, 
2014/6/5, 18, 13, 
2014/6/6, 18, 12, 
2014/6/7, 15, 11, 
2014/6/8, 13, 11, 
2014/6/9, 11, 11, 
2014/6/10, 11, 12, 
2014/6/11, 14, 12, 
2014/6/12, 14, 11, 
2014/6/13, 11, 13, 
2014/6/14, 21, 12, 
2014/6/15, 16, 11, 
2014/6/16, 9, 10, 
2014/6/17, 9, 11, 
2014/6/18, 12, 12, 
2014/6/19, 16, 11, 
2014/6/20, 9, 12, 
2014/6/21, 15, 12, 
2014/6/22, 16, 13, 
2014/6/23, 21, 11, 
2014/6/24, 12, 11, 
2014/6/25, 13, 11, 
2014/6/26, 10, 10, 
2014/6/27, 9, 10, 
2014/6/28, 8, 10, 
2014/6/29, 8, 11, 
2014/6/30, 9, 11, 
2014/2/24, 18, 13, 
2014/2/25, 20, 16, 
2014/2/26, 30, 18, 
2014/2/27, 39, 22, 
2014/2/28, 51, , 
2014/3/3, 51, 14, 
2014/3/4, 25, 20, 
2014/3/5, 46, 12, 
2014/3/6, 16, , 
2014/3/10, 8, 13, 
2014/3/11, 17, 14, 
2014/3/12, 22, 13, 
2014/3/13, 21, 13, 
2014/3/14, 20, 13, 
2014/3/15, 19, 12, 
2014/3/16, 14, 11, 
2014/3/17, 10, 11, 
2014/3/18, 12, 12, 
2014/3/19, 14, 11, 
2014/3/20, 11, 13, 
2014/3/21, 18, 13, 
2014/3/22, 20, 14, 
2014/3/23, 24, 16, 
2014/3/24, 32, 14, 
2014/3/25, 25, 12, 
2014/3/26, 14, 11, 
2014/3/27, 11, 12, 
2014/3/28, 15, 12, 
2014/3/29, 16, 11, 
2014/3/30, 11, 13, 
2014/3/31, 21, 11, 
2018/2/1, , 11, 
2017/11/8, , 18, 
2017/6/30, , 14, 28
2017/6/8, , 11, 
2017/6/14, , 14, 8
2016/10/22, , 16, 
2016/7/19, , 12, 35
2016/8/11, , 13, 38
2016/4/24, , 12, 
2016/6/21, , 12, 39
2016/6/28, , 13, 27
2016/3/30, , 13, 
2015/11/5, , 17, 
2015/11/27, , 25, 
2016/1/2, , 18, 
2014/12/31, , 18, 
2015/1/24, , 15, 
2014/7/8, , 12, 
2014/7/29, , 13, 
2014/5/14, , 15, 
2014/5/27, , 11, 
2014/2/23, , 13, 
2014/3/2, , 21, 
2014/3/9, , 10, 
2018/8/17, , , 38
2018/8/18, , , 48
2018/8/19, , , 31
2018/8/20, , , 37
2018/5/13, , , 
2018/6/8, , , 
2017/9/8, , , 32
2017/6/5, , , 
2017/6/6, , , 
2017/6/7, , , 
2017/6/13, , , 
2016/8/9, , , 27
2016/8/10, , , 34